Lop,Thu,Tiet,Tuan,Thang,Ngay,HocPhan
VB2K3,Thứ hai,2,1,8,03,PD
VB2K3,Thứ hai,2,2,8,10,PD
VB2K3,Thứ hai,2,3,8,17,PD
VB2K3,Thứ hai,2,4,8,24,PD
VB2K3,Thứ hai,2,5,8,31,PD
VB2K3,Thứ hai,2,6,9,07,PD
VB2K3,Thứ hai,3 ÷ 4,1,8,03,PD
VB2K3,Thứ hai,3 ÷ 4,2,8,10,PD
VB2K3,Thứ hai,3 ÷ 4,3,8,17,PD
VB2K3,Thứ hai,3 ÷ 4,4,8,24,PD
VB2K3,Thứ hai,3 ÷ 4,5,8,31,PD
VB2K3,Thứ hai,3 ÷ 4,6,9,07,PD
VB2K3,Thứ hai,5 ÷ 6,1,8,03,CH
VB2K3,Thứ hai,5 ÷ 6,2,8,10,CH
VB2K3,Thứ hai,5 ÷ 6,3,8,17,CH
VB2K3,Thứ hai,5 ÷ 6,4,8,24,CH
VB2K3,Thứ hai,5 ÷ 6,6,9,07,HN
VB2K3,Thứ hai,7 ÷ 8,1,8,03,CH
VB2K3,Thứ hai,7 ÷ 8,2,8,10,CH
VB2K3,Thứ hai,7 ÷ 8,3,8,17,CH
VB2K3,Thứ hai,7 ÷ 8,4,8,24,CH
VB2K3,Thứ hai,7 ÷ 8,6,9,07,HN
VB2K3,Thứ ba,1 ÷ 2,1,8,04,SC
VB2K3,Thứ ba,1 ÷ 2,2,8,11,SC
VB2K3,Thứ ba,1 ÷ 2,3,8,18,SC
VB2K3,Thứ ba,1 ÷ 2,4,8,25,SC
VB2K3,Thứ ba,1 ÷ 2,6,9,08,SC
VB2K3,Thứ ba,1 ÷ 2,7,9,15,HN
VB2K3,Thứ ba,3 ÷ 4,1,8,04,SC
VB2K3,Thứ ba,3 ÷ 4,2,8,11,SC
VB2K3,Thứ ba,3 ÷ 4,3,8,18,SC
VB2K3,Thứ ba,3 ÷ 4,4,8,25,SC
VB2K3,Thứ ba,3 ÷ 4,6,9,08,SC
VB2K3,Thứ ba,3 ÷ 4,7,9,15,HN
VB2K3,Thứ ba,5 ÷ 6,1,8,04,LW
VB2K3,Thứ ba,5 ÷ 6,2,8,11,LW
VB2K3,Thứ ba,5 ÷ 6,3,8,18,LW
VB2K3,Thứ ba,5 ÷ 6,4,8,25,LW
VB2K3,Thứ ba,5 ÷ 6,6,9,08,CH
VB2K3,Thứ ba,7 ÷ 8,1,8,04,LW
VB2K3,Thứ ba,7 ÷ 8,2,8,11,LW
VB2K3,Thứ ba,7 ÷ 8,3,8,18,LW
VB2K3,Thứ ba,7 ÷ 8,4,8,25,LW
VB2K3,Thứ ba,7 ÷ 8,6,9,08,CH
VB2K3,Thứ tư,1 ÷ 2,1,8,05,PD
VB2K3,Thứ tư,1 ÷ 2,2,8,12,PD
VB2K3,Thứ tư,1 ÷ 2,3,8,19,PD
VB2K3,Thứ tư,1 ÷ 2,4,8,26,PD
VB2K3,Thứ tư,1 ÷ 2,6,9,09,LW
VB2K3,Thứ tư,1 ÷ 2,7,9,16,PD
VB2K3,Thứ tư,3 ÷ 4,1,8,05,PD
VB2K3,Thứ tư,3 ÷ 4,2,8,12,PD
VB2K3,Thứ tư,3 ÷ 4,3,8,19,PD
VB2K3,Thứ tư,3 ÷ 4,4,8,26,PD
VB2K3,Thứ tư,3 ÷ 4,6,9,09,LW
VB2K3,Thứ tư,3 ÷ 4,7,9,16,PD
VB2K3,Thứ tư,5 ÷ 6,1,8,05,HN
VB2K3,Thứ tư,5 ÷ 6,2,8,12,HN
VB2K3,Thứ tư,5 ÷ 6,3,8,19,HN
VB2K3,Thứ tư,5 ÷ 6,4,8,26,HN
VB2K3,Thứ tư,5 ÷ 6,6,9,09,HN
VB2K3,Thứ tư,7 ÷ 8,1,8,05,HN
VB2K3,Thứ tư,7 ÷ 8,2,8,12,HN
VB2K3,Thứ tư,7 ÷ 8,3,8,19,HN
VB2K3,Thứ tư,7 ÷ 8,4,8,26,HN
VB2K3,Thứ tư,7 ÷ 8,6,9,09,HN
VB2K3,Thứ năm,1 ÷ 2,1,8,06,CH
VB2K3,Thứ năm,1 ÷ 2,2,8,13,CH
VB2K3,Thứ năm,1 ÷ 2,3,8,20,CH
VB2K3,Thứ năm,1 ÷ 2,4,8,27,CH
VB2K3,Thứ năm,1 ÷ 2,5,8,03,CH
VB2K3,Thứ năm,1 ÷ 2,6,9,10,CH
VB2K3,Thứ năm,3 ÷ 4,1,8,06,CH
VB2K3,Thứ năm,3 ÷ 4,2,8,13,CH
VB2K3,Thứ năm,3 ÷ 4,3,8,20,CH
VB2K3,Thứ năm,3 ÷ 4,4,8,27,CH
VB2K3,Thứ năm,3 ÷ 4,5,8,03,CH
VB2K3,Thứ năm,3 ÷ 4,6,9,10,CH
VB2K3,Thứ năm,5 ÷ 6,1,8,06,SC
VB2K3,Thứ năm,5 ÷ 6,2,8,13,SC
VB2K3,Thứ năm,5 ÷ 6,3,8,20,SC
VB2K3,Thứ năm,5 ÷ 6,4,8,27,SC
VB2K3,Thứ năm,5 ÷ 6,5,8,03,PD
VB2K3,Thứ năm,5 ÷ 6,6,9,10,PD
VB2K3,Thứ năm,7 ÷ 8,1,8,06,SC
VB2K3,Thứ năm,7 ÷ 8,2,8,13,SC
VB2K3,Thứ năm,7 ÷ 8,3,8,20,SC
VB2K3,Thứ năm,7 ÷ 8,4,8,27,SC
VB2K3,Thứ năm,7 ÷ 8,5,8,03,PD
VB2K3,Thứ năm,7 ÷ 8,6,9,10,PD
VB2K3,Thứ sáu,1 ÷ 2,1,8,07,LW
VB2K3,Thứ sáu,1 ÷ 2,2,8,14,LW
VB2K3,Thứ sáu,1 ÷ 2,3,8,21,LW
VB2K3,Thứ sáu,1 ÷ 2,4,8,28,LW
VB2K3,Thứ sáu,1 ÷ 2,5,8,04,LW
VB2K3,Thứ sáu,1 ÷ 2,6,9,11,LW
VB2K3,Thứ sáu,3 ÷ 4,1,8,07,LW
VB2K3,Thứ sáu,3 ÷ 4,2,8,14,LW
VB2K3,Thứ sáu,3 ÷ 4,3,8,21,LW
VB2K3,Thứ sáu,3 ÷ 4,4,8,28,LW
VB2K3,Thứ sáu,3 ÷ 4,5,8,04,LW
VB2K3,Thứ sáu,3 ÷ 4,6,9,11,LW
VB2K3,Thứ sáu,5 ÷ 6,1,8,07,HN
VB2K3,Thứ sáu,5 ÷ 6,2,8,14,HN
VB2K3,Thứ sáu,5 ÷ 6,3,8,21,HN
VB2K3,Thứ sáu,5 ÷ 6,4,8,28,HN
VB2K3,Thứ sáu,5 ÷ 6,5,8,04,SC
VB2K3,Thứ sáu,5 ÷ 6,6,9,11,SC
VB2K3,Thứ sáu,7 ÷ 8,1,8,07,HN
VB2K3,Thứ sáu,7 ÷ 8,2,8,14,HN
VB2K3,Thứ sáu,7 ÷ 8,3,8,21,HN
VB2K3,Thứ sáu,7 ÷ 8,4,8,28,HN
VB2K3,Thứ sáu,7 ÷ 8,5,8,04,SC
VB2K3,Thứ sáu,7 ÷ 8,6,9,11,SC
B1VB2C1,Thứ hai,3 ÷ 4,1,8,03,NV
B1VB2C1,Thứ hai,3 ÷ 4,2,8,10,NV
B1VB2C1,Thứ hai,3 ÷ 4,3,8,17,NV
B1VB2C1,Thứ hai,3 ÷ 4,4,8,24,NV
B1VB2C1,Thứ hai,3 ÷ 4,5,8,31,NV
B1VB2C1,Thứ hai,3 ÷ 4,6,9,07,NV
B1VB2C1,Thứ hai,3 ÷ 4,7,9,14,NV
B1VB2C1,Thứ hai,3 ÷ 4,8,9,21,NV
B1VB2C1,Thứ hai,3 ÷ 4,9,9,28,NV
B1VB2C1,Thứ hai,3 ÷ 4,10,10,05,NV
B1VB2C1,Thứ hai,3 ÷ 4,14,11,02,QL
B1VB2C1,Thứ hai,3 ÷ 4,15,11,09,QL
B1VB2C1,Thứ hai,3 ÷ 4,16,11,16,QL
B1VB2C1,Thứ hai,3 ÷ 4,17,11,23,QL
B1VB2C1,Thứ hai,3 ÷ 4,18,11,30,QL
B1VB2C1,Thứ hai,3 ÷ 4,19,12,07,QL
B1VB2C1,Thứ hai,3 ÷ 4,20,12,14,QL
B1VB2C1,Thứ hai,3 ÷ 4,21,12,21,VT
B1VB2C1,Thứ hai,3 ÷ 4,22,12,28,VT
B1VB2C1,Thứ hai,3 ÷ 4,23,1,04,VT
B1VB2C1,Thứ hai,7 ÷ 8,14,11,02,MV
B1VB2C1,Thứ hai,7 ÷ 8,15,11,09,MV
B1VB2C1,Thứ hai,7 ÷ 8,16,11,16,MV
B1VB2C1,Thứ hai,7 ÷ 8,17,11,23,MV
B1VB2C1,Thứ hai,7 ÷ 8,18,11,30,MV
B1VB2C1,Thứ hai,7 ÷ 8,19,12,07,MV
B1VB2C1,Thứ hai,7 ÷ 8,20,12,14,MV
B1VB2C1,Thứ hai,7 ÷ 8,21,12,21,VT
B1VB2C1,Thứ hai,7 ÷ 8,22,12,28,VT
B1VB2C1,Thứ hai,7 ÷ 8,23,1,04,VT
B1VB2C1,Thứ ba,3 ÷ 4,1,8,04,LT
B1VB2C1,Thứ ba,3 ÷ 4,2,8,11,LT
B1VB2C1,Thứ ba,3 ÷ 4,3,8,18,LT
B1VB2C1,Thứ ba,3 ÷ 4,4,8,25,LT
B1VB2C1,Thứ ba,3 ÷ 4,6,9,08,LT
B1VB2C1,Thứ ba,3 ÷ 4,7,9,15,LT
B1VB2C1,Thứ ba,3 ÷ 4,8,9,22,LT
B1VB2C1,Thứ ba,3 ÷ 4,9,9,29,LT
B1VB2C1,Thứ ba,3 ÷ 4,10,10,06,LT
B1VB2C1,Thứ ba,3 ÷ 4,14,11,03,TP
B1VB2C1,Thứ ba,3 ÷ 4,15,11,10,TP
B1VB2C1,Thứ ba,3 ÷ 4,16,11,17,TP
B1VB2C1,Thứ ba,3 ÷ 4,18,11,01,TP
B1VB2C1,Thứ ba,3 ÷ 4,19,12,08,TP
B1VB2C1,Thứ ba,3 ÷ 4,20,12,15,TP
B1VB2C1,Thứ ba,3 ÷ 4,21,12,22,VT
B1VB2C1,Thứ ba,3 ÷ 4,22,12,29,VT
B1VB2C1,Thứ ba,3 ÷ 4,23,1,05,VT
B1VB2C1,Thứ ba,7 ÷ 8,14,11,03,PT
B1VB2C1,Thứ ba,7 ÷ 8,21,12,22,VT
B1VB2C1,Thứ ba,7 ÷ 8,22,12,29,VT
B1VB2C1,Thứ ba,7 ÷ 8,23,1,05,VT
B1VB2C1,Thứ tư,3 ÷ 4,1,8,05,HT
B1VB2C1,Thứ tư,3 ÷ 4,2,8,12,HT
B1VB2C1,Thứ tư,3 ÷ 4,3,8,19,HT
B1VB2C1,Thứ tư,3 ÷ 4,4,8,26,HT
B1VB2C1,Thứ tư,3 ÷ 4,6,9,09,HT
B1VB2C1,Thứ tư,3 ÷ 4,7,9,16,HT
B1VB2C1,Thứ tư,3 ÷ 4,8,9,23,HT
B1VB2C1,Thứ tư,3 ÷ 4,9,9,30,HT
B1VB2C1,Thứ tư,3 ÷ 4,10,10,07,HT
B1VB2C1,Thứ tư,3 ÷ 4,14,11,04,7LT
B1VB2C1,Thứ tư,3 ÷ 4,15,11,11,7LT
B1VB2C1,Thứ tư,3 ÷ 4,16,11,18,7LT
B1VB2C1,Thứ tư,3 ÷ 4,17,11,25,7LT
B1VB2C1,Thứ tư,3 ÷ 4,18,11,02,7LT
B1VB2C1,Thứ tư,3 ÷ 4,19,12,09,7LT
B1VB2C1,Thứ tư,3 ÷ 4,20,12,16,7LT
B1VB2C1,Thứ tư,3 ÷ 4,21,12,23,VT
B1VB2C1,Thứ tư,3 ÷ 4,22,12,30,VT
B1VB2C1,Thứ tư,3 ÷ 4,23,1,06,VT
B1VB2C1,Thứ tư,7 ÷ 8,6,9,09,KH
B1VB2C1,Thứ tư,7 ÷ 8,7,9,16,KH
B1VB2C1,Thứ tư,7 ÷ 8,8,9,23,KH
B1VB2C1,Thứ tư,7 ÷ 8,9,9,30,KH
B1VB2C1,Thứ tư,7 ÷ 8,21,12,23,VT
B1VB2C1,Thứ tư,7 ÷ 8,22,12,30,VT
B1VB2C1,Thứ tư,7 ÷ 8,23,1,06,VT
B1VB2C1,Thứ năm,3 ÷ 4,6,9,10,HD
B1VB2C1,Thứ năm,3 ÷ 4,7,9,17,HD
B1VB2C1,Thứ năm,3 ÷ 4,8,9,24,HD
B1VB2C1,Thứ năm,3 ÷ 4,9,9,01,HD
B1VB2C1,Thứ năm,3 ÷ 4,10,10,08,LT
B1VB2C1,Thứ năm,3 ÷ 4,14,11,05,TP
B1VB2C1,Thứ năm,3 ÷ 4,20,12,17,VT
B1VB2C1,Thứ năm,3 ÷ 4,21,12,24,VT
B1VB2C1,Thứ năm,3 ÷ 4,22,12,31,VT
B1VB2C1,Thứ năm,3 ÷ 4,23,1,07,VT
B1VB2C1,Thứ năm,7 ÷ 8,1,8,06,LA
B1VB2C1,Thứ năm,7 ÷ 8,2,8,13,LA
B1VB2C1,Thứ năm,7 ÷ 8,3,8,20,LA
B1VB2C1,Thứ năm,7 ÷ 8,4,8,27,LA
B1VB2C1,Thứ năm,7 ÷ 8,5,8,03,LA
B1VB2C1,Thứ năm,7 ÷ 8,6,9,10,LA
B1VB2C1,Thứ năm,7 ÷ 8,7,9,17,LA
B1VB2C1,Thứ năm,7 ÷ 8,8,9,24,LA
B1VB2C1,Thứ năm,7 ÷ 8,9,9,01,LA
B1VB2C1,Thứ năm,7 ÷ 8,20,12,17,VT
B1VB2C1,Thứ năm,7 ÷ 8,21,12,24,VT
B1VB2C1,Thứ năm,7 ÷ 8,22,12,31,VT
B1VB2C1,Thứ năm,7 ÷ 8,23,1,07,VT
B1VB2C1,Thứ sáu,3 ÷ 4,1,8,07,KH
B1VB2C1,Thứ sáu,3 ÷ 4,2,8,14,KH
B1VB2C1,Thứ sáu,3 ÷ 4,3,8,21,KH
B1VB2C1,Thứ sáu,3 ÷ 4,4,8,28,KH
B1VB2C1,Thứ sáu,3 ÷ 4,5,8,04,KH
B1VB2C1,Thứ sáu,3 ÷ 4,6,9,11,KH
B1VB2C1,Thứ sáu,3 ÷ 4,7,9,18,KH
B1VB2C1,Thứ sáu,3 ÷ 4,8,9,25,KH
B1VB2C1,Thứ sáu,3 ÷ 4,9,9,02,HT
B1VB2C1,Thứ sáu,3 ÷ 4,10,10,09,HT
B1VB2C1,Thứ sáu,3 ÷ 4,14,11,06,7LT
B1VB2C1,Thứ sáu,3 ÷ 4,15,11,13,7LT
B1VB2C1,Thứ sáu,3 ÷ 4,16,11,20,7LT
B1VB2C1,Thứ sáu,3 ÷ 4,17,11,27,7LT
B1VB2C1,Thứ sáu,3 ÷ 4,19,12,11,QL
B1VB2C1,Thứ sáu,3 ÷ 4,20,12,18,VT
B1VB2C1,Thứ sáu,3 ÷ 4,21,12,25,VT
B1VB2C1,Thứ sáu,3 ÷ 4,23,1,08,VT
B1VB2C1,Thứ sáu,7 ÷ 8,14,11,06,MV
B1VB2C1,Thứ sáu,7 ÷ 8,15,11,13,MV
B1VB2C1,Thứ sáu,7 ÷ 8,16,11,20,MV
B1VB2C1,Thứ sáu,7 ÷ 8,20,12,18,VT
B1VB2C1,Thứ sáu,7 ÷ 8,21,12,25,VT
B1VB2C1,Thứ sáu,7 ÷ 8,23,1,08,VT
B2VB2C1,Thứ hai,3 ÷ 4,1,8,03,NV
B2VB2C1,Thứ hai,3 ÷ 4,2,8,10,NV
B2VB2C1,Thứ hai,3 ÷ 4,3,8,17,NV
B2VB2C1,Thứ hai,3 ÷ 4,4,8,24,NV
B2VB2C1,Thứ hai,3 ÷ 4,5,8,31,NV
B2VB2C1,Thứ hai,3 ÷ 4,6,9,07,NV
B2VB2C1,Thứ hai,3 ÷ 4,7,9,14,NV
B2VB2C1,Thứ hai,3 ÷ 4,8,9,21,NV
B2VB2C1,Thứ hai,3 ÷ 4,9,9,28,NV
B2VB2C1,Thứ hai,3 ÷ 4,10,10,05,NV
B2VB2C1,Thứ hai,3 ÷ 4,14,11,02,QL
B2VB2C1,Thứ hai,3 ÷ 4,15,11,09,QL
B2VB2C1,Thứ hai,3 ÷ 4,16,11,16,QL
B2VB2C1,Thứ hai,3 ÷ 4,17,11,23,QL
B2VB2C1,Thứ hai,3 ÷ 4,18,11,30,QL
B2VB2C1,Thứ hai,3 ÷ 4,19,12,07,QL
B2VB2C1,Thứ hai,3 ÷ 4,20,12,14,QL
B2VB2C1,Thứ hai,3 ÷ 4,21,12,21,VT
B2VB2C1,Thứ hai,3 ÷ 4,22,12,28,VT
B2VB2C1,Thứ hai,3 ÷ 4,23,1,04,VT
B2VB2C1,Thứ hai,7 ÷ 8,17,11,23,8VT
B2VB2C1,Thứ hai,7 ÷ 8,21,12,21,VT
B2VB2C1,Thứ hai,7 ÷ 8,22,12,28,VT
B2VB2C1,Thứ hai,7 ÷ 8,23,1,04,VT
B2VB2C1,Thứ ba,3 ÷ 4,1,8,04,LT
B2VB2C1,Thứ ba,3 ÷ 4,2,8,11,LT
B2VB2C1,Thứ ba,3 ÷ 4,3,8,18,LT
B2VB2C1,Thứ ba,3 ÷ 4,4,8,25,LT
B2VB2C1,Thứ ba,3 ÷ 4,6,9,08,LT
B2VB2C1,Thứ ba,3 ÷ 4,7,9,15,LT
B2VB2C1,Thứ ba,3 ÷ 4,8,9,22,LT
B2VB2C1,Thứ ba,3 ÷ 4,9,9,29,LT
B2VB2C1,Thứ ba,3 ÷ 4,10,10,06,LT
B2VB2C1,Thứ ba,3 ÷ 4,14,11,03,TP
B2VB2C1,Thứ ba,3 ÷ 4,15,11,10,TP
B2VB2C1,Thứ ba,3 ÷ 4,16,11,17,TP
B2VB2C1,Thứ ba,3 ÷ 4,18,11,01,TP
B2VB2C1,Thứ ba,3 ÷ 4,19,12,08,TP
B2VB2C1,Thứ ba,3 ÷ 4,20,12,15,TP
B2VB2C1,Thứ ba,3 ÷ 4,21,12,22,VT
B2VB2C1,Thứ ba,3 ÷ 4,22,12,29,VT
B2VB2C1,Thứ ba,3 ÷ 4,23,1,05,VT
B2VB2C1,Thứ ba,7 ÷ 8,9,9,29,KT
B2VB2C1,Thứ ba,7 ÷ 8,10,10,06,KT
B2VB2C1,Thứ ba,7 ÷ 8,14,11,03,PH
B2VB2C1,Thứ ba,7 ÷ 8,15,11,10,PH
B2VB2C1,Thứ ba,7 ÷ 8,16,11,17,PH
B2VB2C1,Thứ ba,7 ÷ 8,18,11,01,PH
B2VB2C1,Thứ ba,7 ÷ 8,19,12,08,PH
B2VB2C1,Thứ ba,7 ÷ 8,20,12,15,PH
B2VB2C1,Thứ ba,7 ÷ 8,21,12,22,VT
B2VB2C1,Thứ ba,7 ÷ 8,22,12,29,VT
B2VB2C1,Thứ ba,7 ÷ 8,23,1,05,VT
B2VB2C1,Thứ tư,3 ÷ 4,1,8,05,VC
B2VB2C1,Thứ tư,3 ÷ 4,2,8,12,VC
B2VB2C1,Thứ tư,3 ÷ 4,3,8,19,VC
B2VB2C1,Thứ tư,3 ÷ 4,4,8,26,VC
B2VB2C1,Thứ tư,3 ÷ 4,6,9,09,VC
B2VB2C1,Thứ tư,3 ÷ 4,7,9,16,VC
B2VB2C1,Thứ tư,3 ÷ 4,8,9,23,VC
B2VB2C1,Thứ tư,3 ÷ 4,9,9,30,VC
B2VB2C1,Thứ tư,3 ÷ 4,10,10,07,VC
B2VB2C1,Thứ tư,3 ÷ 4,14,11,04,TS
B2VB2C1,Thứ tư,3 ÷ 4,15,11,11,TS
B2VB2C1,Thứ tư,3 ÷ 4,16,11,18,TS
B2VB2C1,Thứ tư,3 ÷ 4,17,11,25,TS
B2VB2C1,Thứ tư,3 ÷ 4,18,11,02,TS
B2VB2C1,Thứ tư,3 ÷ 4,19,12,09,TS
B2VB2C1,Thứ tư,3 ÷ 4,20,12,16,TS
B2VB2C1,Thứ tư,3 ÷ 4,21,12,23,VT
B2VB2C1,Thứ tư,3 ÷ 4,22,12,30,VT
B2VB2C1,Thứ tư,3 ÷ 4,23,1,06,VT
B2VB2C1,Thứ tư,7 ÷ 8,9,9,30,KT
B2VB2C1,Thứ tư,7 ÷ 8,10,10,07,KT
B2VB2C1,Thứ tư,7 ÷ 8,21,12,23,VT
B2VB2C1,Thứ tư,7 ÷ 8,22,12,30,VT
B2VB2C1,Thứ tư,7 ÷ 8,23,1,06,VT
B2VB2C1,Thứ năm,3 ÷ 4,1,8,06,VX
B2VB2C1,Thứ năm,3 ÷ 4,2,8,13,VX
B2VB2C1,Thứ năm,3 ÷ 4,3,8,20,VX
B2VB2C1,Thứ năm,3 ÷ 4,4,8,27,VX
B2VB2C1,Thứ năm,3 ÷ 4,5,8,03,VX
B2VB2C1,Thứ năm,3 ÷ 4,6,9,10,VX
B2VB2C1,Thứ năm,3 ÷ 4,7,9,17,VX
B2VB2C1,Thứ năm,3 ÷ 4,9,9,01,VC
B2VB2C1,Thứ năm,3 ÷ 4,10,10,08,LT
B2VB2C1,Thứ năm,3 ÷ 4,14,11,05,TP
B2VB2C1,Thứ năm,3 ÷ 4,20,12,17,VT
B2VB2C1,Thứ năm,3 ÷ 4,21,12,24,VT
B2VB2C1,Thứ năm,3 ÷ 4,22,12,31,VT
B2VB2C1,Thứ năm,3 ÷ 4,23,1,07,VT
B2VB2C1,Thứ năm,7 ÷ 8,1,8,06,LA
B2VB2C1,Thứ năm,7 ÷ 8,2,8,13,LA
B2VB2C1,Thứ năm,7 ÷ 8,3,8,20,LA
B2VB2C1,Thứ năm,7 ÷ 8,4,8,27,LA
B2VB2C1,Thứ năm,7 ÷ 8,5,8,03,LA
B2VB2C1,Thứ năm,7 ÷ 8,6,9,10,LA
B2VB2C1,Thứ năm,7 ÷ 8,7,9,17,LA
B2VB2C1,Thứ năm,7 ÷ 8,8,9,24,LA
B2VB2C1,Thứ năm,7 ÷ 8,9,9,01,LA
B2VB2C1,Thứ năm,7 ÷ 8,10,10,08,LA
B2VB2C1,Thứ năm,7 ÷ 8,14,11,05,PH
B2VB2C1,Thứ năm,7 ÷ 8,15,11,12,PH
B2VB2C1,Thứ năm,7 ÷ 8,16,11,19,PH
B2VB2C1,Thứ năm,7 ÷ 8,17,11,26,PH
B2VB2C1,Thứ năm,7 ÷ 8,18,11,03,PH
B2VB2C1,Thứ năm,7 ÷ 8,20,12,17,VT
B2VB2C1,Thứ năm,7 ÷ 8,21,12,24,VT
B2VB2C1,Thứ năm,7 ÷ 8,22,12,31,VT
B2VB2C1,Thứ năm,7 ÷ 8,23,1,07,VT
B2VB2C1,Thứ sáu,3 ÷ 4,1,8,07,KT
B2VB2C1,Thứ sáu,3 ÷ 4,2,8,14,KT
B2VB2C1,Thứ sáu,3 ÷ 4,3,8,21,KT
B2VB2C1,Thứ sáu,3 ÷ 4,4,8,28,KT
B2VB2C1,Thứ sáu,3 ÷ 4,5,8,04,KT
B2VB2C1,Thứ sáu,3 ÷ 4,6,9,11,KT
B2VB2C1,Thứ sáu,3 ÷ 4,7,9,18,KT
B2VB2C1,Thứ sáu,3 ÷ 4,8,9,25,KT
B2VB2C1,Thứ sáu,3 ÷ 4,9,9,02,KT
B2VB2C1,Thứ sáu,3 ÷ 4,10,10,09,KT
B2VB2C1,Thứ sáu,3 ÷ 4,14,11,06,TS
B2VB2C1,Thứ sáu,3 ÷ 4,15,11,13,TS
B2VB2C1,Thứ sáu,3 ÷ 4,16,11,20,TS
B2VB2C1,Thứ sáu,3 ÷ 4,17,11,27,TS
B2VB2C1,Thứ sáu,3 ÷ 4,19,12,11,QL
B2VB2C1,Thứ sáu,3 ÷ 4,20,12,18,VT
B2VB2C1,Thứ sáu,3 ÷ 4,21,12,25,VT
B2VB2C1,Thứ sáu,3 ÷ 4,23,1,08,VT
B2VB2C1,Thứ sáu,7 ÷ 8,20,12,18,VT
B2VB2C1,Thứ sáu,7 ÷ 8,21,12,25,VT
B2VB2C1,Thứ sáu,7 ÷ 8,23,1,08,VT
"B1,2VB2K4",Thứ hai,3 ÷ 4,1,8,03,LT
"B1,2VB2K4",Thứ hai,3 ÷ 4,2,8,10,LT
"B1,2VB2K4",Thứ hai,3 ÷ 4,3,8,17,LT
"B1,2VB2K4",Thứ hai,3 ÷ 4,4,8,24,LT
"B1,2VB2K4",Thứ hai,3 ÷ 4,5,8,31,LT
"B1,2VB2K4",Thứ hai,3 ÷ 4,6,9,07,LT
"B1,2VB2K4",Thứ hai,3 ÷ 4,7,9,14,LT
"B1,2VB2K4",Thứ hai,3 ÷ 4,8,9,21,LT
"B1,2VB2K4",Thứ hai,3 ÷ 4,9,9,28,LT
"B1,2VB2K4",Thứ hai,3 ÷ 4,10,10,05,LT
"B1,2VB2K4",Thứ hai,3 ÷ 4,14,11,02,VT
"B1,2VB2K4",Thứ hai,3 ÷ 4,15,11,09,VT
"B1,2VB2K4",Thứ hai,3 ÷ 4,16,11,16,VT
"B1,2VB2K4",Thứ hai,3 ÷ 4,17,11,23,VT
"B1,2VB2K4",Thứ hai,3 ÷ 4,18,11,30,TP
"B1,2VB2K4",Thứ hai,3 ÷ 4,19,12,07,TP
"B1,2VB2K4",Thứ hai,3 ÷ 4,20,12,14,TP
"B1,2VB2K4",Thứ hai,3 ÷ 4,21,12,21,TP
"B1,2VB2K4",Thứ hai,3 ÷ 4,22,12,28,TP
"B1,2VB2K4",Thứ hai,3 ÷ 4,23,1,04,TP
"B1,2VB2K4",Thứ hai,7 ÷ 8,1,8,03,7LT
"B1,2VB2K4",Thứ hai,7 ÷ 8,2,8,10,7LT
"B1,2VB2K4",Thứ hai,7 ÷ 8,3,8,17,7LT
"B1,2VB2K4",Thứ hai,7 ÷ 8,4,8,24,7LT
"B1,2VB2K4",Thứ hai,7 ÷ 8,5,8,31,7LT
"B1,2VB2K4",Thứ hai,7 ÷ 8,6,9,07,7LT
"B1,2VB2K4",Thứ hai,7 ÷ 8,7,9,14,7LT
"B1,2VB2K4",Thứ hai,7 ÷ 8,8,9,21,7LT
"B1,2VB2K4",Thứ hai,7 ÷ 8,9,9,28,7LT
"B1,2VB2K4",Thứ hai,7 ÷ 8,14,11,02,VT
"B1,2VB2K4",Thứ hai,7 ÷ 8,15,11,09,VT
"B1,2VB2K4",Thứ hai,7 ÷ 8,16,11,16,VT
"B1,2VB2K4",Thứ hai,7 ÷ 8,17,11,23,VT
"B1,2VB2K4",Thứ hai,7 ÷ 8,18,11,30,MV
"B1,2VB2K4",Thứ hai,7 ÷ 8,19,12,07,MV
"B1,2VB2K4",Thứ hai,7 ÷ 8,20,12,14,MV
"B1,2VB2K4",Thứ hai,7 ÷ 8,21,12,21,MV
"B1,2VB2K4",Thứ hai,7 ÷ 8,22,12,28,MV
"B1,2VB2K4",Thứ hai,7 ÷ 8,23,1,04,MV
"B1,2VB2K4",Thứ ba,3 ÷ 4,1,8,04,HT
"B1,2VB2K4",Thứ ba,3 ÷ 4,2,8,11,HT
"B1,2VB2K4",Thứ ba,3 ÷ 4,3,8,18,HT
"B1,2VB2K4",Thứ ba,3 ÷ 4,4,8,25,HT
"B1,2VB2K4",Thứ ba,3 ÷ 4,6,9,08,HT
"B1,2VB2K4",Thứ ba,3 ÷ 4,7,9,15,HT
"B1,2VB2K4",Thứ ba,3 ÷ 4,8,9,22,HT
"B1,2VB2K4",Thứ ba,3 ÷ 4,9,9,29,LT
"B1,2VB2K4",Thứ ba,3 ÷ 4,10,10,06,LT
"B1,2VB2K4",Thứ ba,3 ÷ 4,14,11,03,VT
"B1,2VB2K4",Thứ ba,3 ÷ 4,15,11,10,VT
"B1,2VB2K4",Thứ ba,3 ÷ 4,16,11,17,VT
"B1,2VB2K4",Thứ ba,3 ÷ 4,18,11,01,AC
"B1,2VB2K4",Thứ ba,3 ÷ 4,19,12,08,AC
"B1,2VB2K4",Thứ ba,3 ÷ 4,20,12,15,AC
"B1,2VB2K4",Thứ ba,3 ÷ 4,21,12,22,AC
"B1,2VB2K4",Thứ ba,3 ÷ 4,22,12,29,AC
"B1,2VB2K4",Thứ ba,3 ÷ 4,23,1,05,AC
"B1,2VB2K4",Thứ ba,7 ÷ 8,1,8,04,MT
"B1,2VB2K4",Thứ ba,7 ÷ 8,2,8,11,MT
"B1,2VB2K4",Thứ ba,7 ÷ 8,3,8,18,MT
"B1,2VB2K4",Thứ ba,7 ÷ 8,14,11,03,VT
"B1,2VB2K4",Thứ ba,7 ÷ 8,15,11,10,VT
"B1,2VB2K4",Thứ ba,7 ÷ 8,16,11,17,VT
"B1,2VB2K4",Thứ tư,3 ÷ 4,1,8,05,HT
"B1,2VB2K4",Thứ tư,3 ÷ 4,2,8,12,HT
"B1,2VB2K4",Thứ tư,3 ÷ 4,3,8,19,HT
"B1,2VB2K4",Thứ tư,3 ÷ 4,4,8,26,HT
"B1,2VB2K4",Thứ tư,3 ÷ 4,6,9,09,HT
"B1,2VB2K4",Thứ tư,3 ÷ 4,7,9,16,HT
"B1,2VB2K4",Thứ tư,3 ÷ 4,8,9,23,HT
"B1,2VB2K4",Thứ tư,3 ÷ 4,9,9,30,LT
"B1,2VB2K4",Thứ tư,3 ÷ 4,10,10,07,LT
"B1,2VB2K4",Thứ tư,3 ÷ 4,14,11,04,VT
"B1,2VB2K4",Thứ tư,3 ÷ 4,15,11,11,VT
"B1,2VB2K4",Thứ tư,3 ÷ 4,16,11,18,VT
"B1,2VB2K4",Thứ tư,3 ÷ 4,18,11,02,TP
"B1,2VB2K4",Thứ tư,3 ÷ 4,19,12,09,TP
"B1,2VB2K4",Thứ tư,3 ÷ 4,20,12,16,TP
"B1,2VB2K4",Thứ tư,3 ÷ 4,21,12,23,TP
"B1,2VB2K4",Thứ tư,3 ÷ 4,22,12,30,TP
"B1,2VB2K4",Thứ tư,7 ÷ 8,1,8,05,7LT
"B1,2VB2K4",Thứ tư,7 ÷ 8,2,8,12,7LT
"B1,2VB2K4",Thứ tư,7 ÷ 8,3,8,19,7LT
"B1,2VB2K4",Thứ tư,7 ÷ 8,4,8,26,7LT
"B1,2VB2K4",Thứ tư,7 ÷ 8,6,9,09,7LT
"B1,2VB2K4",Thứ tư,7 ÷ 8,7,9,16,7LT
"B1,2VB2K4",Thứ tư,7 ÷ 8,8,9,23,7LT
"B1,2VB2K4",Thứ tư,7 ÷ 8,9,9,30,7LT
"B1,2VB2K4",Thứ tư,7 ÷ 8,14,11,04,VT
"B1,2VB2K4",Thứ tư,7 ÷ 8,15,11,11,VT
"B1,2VB2K4",Thứ tư,7 ÷ 8,16,11,18,VT
"B1,2VB2K4",Thứ tư,7 ÷ 8,17,11,25,MV
"B1,2VB2K4",Thứ tư,7 ÷ 8,18,11,02,MV
"B1,2VB2K4",Thứ tư,7 ÷ 8,19,12,09,MV
"B1,2VB2K4",Thứ tư,7 ÷ 8,20,12,16,MV
"B1,2VB2K4",Thứ tư,7 ÷ 8,21,12,23,MV
"B1,2VB2K4",Thứ tư,7 ÷ 8,23,1,06,AC
"B1,2VB2K4",Thứ năm,3 ÷ 4,1,8,06,MT
"B1,2VB2K4",Thứ năm,3 ÷ 4,2,8,13,MT
"B1,2VB2K4",Thứ năm,3 ÷ 4,3,8,20,MT
"B1,2VB2K4",Thứ năm,3 ÷ 4,4,8,27,MT
"B1,2VB2K4",Thứ năm,3 ÷ 4,5,8,03,MT
"B1,2VB2K4",Thứ năm,3 ÷ 4,6,9,10,MT
"B1,2VB2K4",Thứ năm,3 ÷ 4,7,9,17,MT
"B1,2VB2K4",Thứ năm,3 ÷ 4,8,9,24,MT
"B1,2VB2K4",Thứ năm,3 ÷ 4,9,9,01,MT
"B1,2VB2K4",Thứ năm,3 ÷ 4,10,10,08,MT
"B1,2VB2K4",Thứ năm,3 ÷ 4,14,11,05,VT
"B1,2VB2K4",Thứ năm,3 ÷ 4,15,11,12,VT
"B1,2VB2K4",Thứ năm,3 ÷ 4,16,11,19,VT
"B1,2VB2K4",Thứ năm,3 ÷ 4,17,11,26,CB
"B1,2VB2K4",Thứ năm,3 ÷ 4,18,11,03,CB
"B1,2VB2K4",Thứ năm,3 ÷ 4,19,12,10,CB
"B1,2VB2K4",Thứ năm,3 ÷ 4,20,12,17,CB
"B1,2VB2K4",Thứ năm,3 ÷ 4,21,12,24,CB
"B1,2VB2K4",Thứ năm,3 ÷ 4,22,12,31,CB
"B1,2VB2K4",Thứ năm,3 ÷ 4,23,1,07,CB
"B1,2VB2K4",Thứ năm,7 ÷ 8,14,11,05,VT
"B1,2VB2K4",Thứ năm,7 ÷ 8,15,11,12,VT
"B1,2VB2K4",Thứ năm,7 ÷ 8,16,11,19,VT
"B1,2VB2K4",Thứ năm,7 ÷ 8,17,11,26,HD
"B1,2VB2K4",Thứ năm,7 ÷ 8,18,11,03,HD
"B1,2VB2K4",Thứ năm,7 ÷ 8,19,12,10,HD
"B1,2VB2K4",Thứ năm,7 ÷ 8,20,12,17,HD
"B1,2VB2K4",Thứ năm,7 ÷ 8,21,12,24,HD
"B1,2VB2K4",Thứ sáu,3 ÷ 4,1,8,07,QL
"B1,2VB2K4",Thứ sáu,3 ÷ 4,2,8,14,QL
"B1,2VB2K4",Thứ sáu,3 ÷ 4,3,8,21,QL
"B1,2VB2K4",Thứ sáu,3 ÷ 4,4,8,28,QL
"B1,2VB2K4",Thứ sáu,3 ÷ 4,5,8,04,QL
"B1,2VB2K4",Thứ sáu,3 ÷ 4,6,9,11,QL
"B1,2VB2K4",Thứ sáu,3 ÷ 4,7,9,18,QL
"B1,2VB2K4",Thứ sáu,3 ÷ 4,8,9,25,QL
"B1,2VB2K4",Thứ sáu,3 ÷ 4,9,9,02,QL
"B1,2VB2K4",Thứ sáu,3 ÷ 4,10,10,09,QL
"B1,2VB2K4",Thứ sáu,3 ÷ 4,14,11,06,VT
"B1,2VB2K4",Thứ sáu,3 ÷ 4,15,11,13,VT
"B1,2VB2K4",Thứ sáu,3 ÷ 4,16,11,20,VT
"B1,2VB2K4",Thứ sáu,3 ÷ 4,17,11,27,AC
"B1,2VB2K4",Thứ sáu,3 ÷ 4,18,11,04,AC
"B1,2VB2K4",Thứ sáu,3 ÷ 4,19,12,11,AC
"B1,2VB2K4",Thứ sáu,3 ÷ 4,20,12,18,AC
"B1,2VB2K4",Thứ sáu,3 ÷ 4,21,12,25,AC
"B1,2VB2K4",Thứ sáu,3 ÷ 4,23,1,08,AC
"B1,2VB2K4",Thứ sáu,7 ÷ 8,14,11,06,VT
"B1,2VB2K4",Thứ sáu,7 ÷ 8,15,11,13,VT
"B1,2VB2K4",Thứ sáu,7 ÷ 8,16,11,20,VT
"B1,2VB2K4",Thứ sáu,7 ÷ 8,17,11,27,HD
"B1,2VB2K4",Thứ sáu,7 ÷ 8,18,11,04,HD
"B1,2VB2K4",Thứ sáu,7 ÷ 8,19,12,11,HD
"B1,2VB2K4",Thứ sáu,7 ÷ 8,20,12,18,HD
"B1,2VB2K4",Thứ sáu,7 ÷ 8,21,12,25,HD
B3VB2K4,Thứ hai,3 ÷ 4,1,8,03,LT
B3VB2K4,Thứ hai,3 ÷ 4,2,8,10,LT
B3VB2K4,Thứ hai,3 ÷ 4,3,8,17,LT
B3VB2K4,Thứ hai,3 ÷ 4,4,8,24,LT
B3VB2K4,Thứ hai,3 ÷ 4,5,8,31,LT
B3VB2K4,Thứ hai,3 ÷ 4,6,9,07,LT
B3VB2K4,Thứ hai,3 ÷ 4,7,9,14,LT
B3VB2K4,Thứ hai,3 ÷ 4,8,9,21,LT
B3VB2K4,Thứ hai,3 ÷ 4,9,9,28,LT
B3VB2K4,Thứ hai,3 ÷ 4,10,10,05,LT
B3VB2K4,Thứ hai,3 ÷ 4,14,11,02,VT
B3VB2K4,Thứ hai,3 ÷ 4,15,11,09,VT
B3VB2K4,Thứ hai,3 ÷ 4,16,11,16,VT
B3VB2K4,Thứ hai,3 ÷ 4,17,11,23,VT
B3VB2K4,Thứ hai,3 ÷ 4,18,11,30,TP
B3VB2K4,Thứ hai,3 ÷ 4,19,12,07,TP
B3VB2K4,Thứ hai,3 ÷ 4,20,12,14,TP
B3VB2K4,Thứ hai,3 ÷ 4,21,12,21,TP
B3VB2K4,Thứ hai,3 ÷ 4,22,12,28,TP
B3VB2K4,Thứ hai,3 ÷ 4,23,1,04,TP
B3VB2K4,Thứ hai,7 ÷ 8,1,8,03,NV
B3VB2K4,Thứ hai,7 ÷ 8,2,8,10,NV
B3VB2K4,Thứ hai,7 ÷ 8,3,8,17,NV
B3VB2K4,Thứ hai,7 ÷ 8,4,8,24,NV
B3VB2K4,Thứ hai,7 ÷ 8,5,8,31,NV
B3VB2K4,Thứ hai,7 ÷ 8,6,9,07,NV
B3VB2K4,Thứ hai,7 ÷ 8,7,9,14,NV
B3VB2K4,Thứ hai,7 ÷ 8,8,9,21,NV
B3VB2K4,Thứ hai,7 ÷ 8,9,9,28,NV
B3VB2K4,Thứ hai,7 ÷ 8,14,11,02,VT
B3VB2K4,Thứ hai,7 ÷ 8,15,11,09,VT
B3VB2K4,Thứ hai,7 ÷ 8,16,11,16,VT
B3VB2K4,Thứ hai,7 ÷ 8,17,11,23,VT
B3VB2K4,Thứ hai,7 ÷ 8,18,11,30,ĐT
B3VB2K4,Thứ hai,7 ÷ 8,19,12,07,ĐT
B3VB2K4,Thứ hai,7 ÷ 8,20,12,14,ĐT
B3VB2K4,Thứ hai,7 ÷ 8,21,12,21,ĐT
B3VB2K4,Thứ hai,7 ÷ 8,22,12,28,ĐT
B3VB2K4,Thứ hai,7 ÷ 8,23,1,04,ĐT
B3VB2K4,Thứ ba,3 ÷ 4,2,8,11,4LT
B3VB2K4,Thứ ba,3 ÷ 4,3,8,18,4LT
B3VB2K4,Thứ ba,3 ÷ 4,4,8,25,4LT
B3VB2K4,Thứ ba,3 ÷ 4,6,9,08,4LT
B3VB2K4,Thứ ba,3 ÷ 4,7,9,15,4LT
B3VB2K4,Thứ ba,3 ÷ 4,8,9,22,4LT
B3VB2K4,Thứ ba,3 ÷ 4,9,9,29,LT
B3VB2K4,Thứ ba,3 ÷ 4,10,10,06,LT
B3VB2K4,Thứ ba,3 ÷ 4,14,11,03,VT
B3VB2K4,Thứ ba,3 ÷ 4,15,11,10,VT
B3VB2K4,Thứ ba,3 ÷ 4,16,11,17,VT
B3VB2K4,Thứ ba,3 ÷ 4,18,11,01,ĐN
B3VB2K4,Thứ ba,3 ÷ 4,19,12,08,ĐN
B3VB2K4,Thứ ba,3 ÷ 4,20,12,15,ĐN
B3VB2K4,Thứ ba,3 ÷ 4,21,12,22,ĐN
B3VB2K4,Thứ ba,3 ÷ 4,22,12,29,ĐN
B3VB2K4,Thứ ba,3 ÷ 4,23,1,05,ĐT
B3VB2K4,Thứ ba,7 ÷ 8,1,8,04,SM
B3VB2K4,Thứ ba,7 ÷ 8,2,8,11,SM
B3VB2K4,Thứ ba,7 ÷ 8,3,8,18,SM
B3VB2K4,Thứ ba,7 ÷ 8,14,11,03,VT
B3VB2K4,Thứ ba,7 ÷ 8,15,11,10,VT
B3VB2K4,Thứ ba,7 ÷ 8,16,11,17,VT
B3VB2K4,Thứ ba,7 ÷ 8,18,11,01,BĐ
B3VB2K4,Thứ ba,7 ÷ 8,19,12,08,BĐ
B3VB2K4,Thứ ba,7 ÷ 8,20,12,15,BĐ
B3VB2K4,Thứ ba,7 ÷ 8,21,12,22,BĐ
B3VB2K4,Thứ ba,7 ÷ 8,22,12,29,BĐ
B3VB2K4,Thứ ba,7 ÷ 8,23,1,05,BĐ
B3VB2K4,Thứ tư,3 ÷ 4,1,8,05,4LT
B3VB2K4,Thứ tư,3 ÷ 4,2,8,12,4LT
B3VB2K4,Thứ tư,3 ÷ 4,3,8,19,4LT
B3VB2K4,Thứ tư,3 ÷ 4,4,8,26,4LT
B3VB2K4,Thứ tư,3 ÷ 4,6,9,09,4LT
B3VB2K4,Thứ tư,3 ÷ 4,7,9,16,4LT
B3VB2K4,Thứ tư,3 ÷ 4,8,9,23,4LT
B3VB2K4,Thứ tư,3 ÷ 4,9,9,30,LT
B3VB2K4,Thứ tư,3 ÷ 4,10,10,07,LT
B3VB2K4,Thứ tư,3 ÷ 4,14,11,04,VT
B3VB2K4,Thứ tư,3 ÷ 4,15,11,11,VT
B3VB2K4,Thứ tư,3 ÷ 4,16,11,18,VT
B3VB2K4,Thứ tư,3 ÷ 4,18,11,02,TP
B3VB2K4,Thứ tư,3 ÷ 4,19,12,09,TP
B3VB2K4,Thứ tư,3 ÷ 4,20,12,16,TP
B3VB2K4,Thứ tư,3 ÷ 4,21,12,23,TP
B3VB2K4,Thứ tư,3 ÷ 4,22,12,30,TP
B3VB2K4,Thứ tư,7 ÷ 8,1,8,05,NV
B3VB2K4,Thứ tư,7 ÷ 8,2,8,12,NV
B3VB2K4,Thứ tư,7 ÷ 8,3,8,19,NV
B3VB2K4,Thứ tư,7 ÷ 8,4,8,26,NV
B3VB2K4,Thứ tư,7 ÷ 8,6,9,09,NV
B3VB2K4,Thứ tư,7 ÷ 8,7,9,16,NV
B3VB2K4,Thứ tư,7 ÷ 8,8,9,23,NV
B3VB2K4,Thứ tư,7 ÷ 8,9,9,30,NV
B3VB2K4,Thứ tư,7 ÷ 8,14,11,04,VT
B3VB2K4,Thứ tư,7 ÷ 8,15,11,11,VT
B3VB2K4,Thứ tư,7 ÷ 8,16,11,18,VT
B3VB2K4,Thứ tư,7 ÷ 8,17,11,25,ĐT
B3VB2K4,Thứ tư,7 ÷ 8,18,11,02,ĐT
B3VB2K4,Thứ tư,7 ÷ 8,19,12,09,ĐT
B3VB2K4,Thứ tư,7 ÷ 8,20,12,16,ĐT
B3VB2K4,Thứ tư,7 ÷ 8,21,12,23,ĐT
B3VB2K4,Thứ tư,7 ÷ 8,22,12,30,ĐT
B3VB2K4,Thứ tư,7 ÷ 8,23,1,06,ĐT
B3VB2K4,Thứ năm,3 ÷ 4,1,8,06,SM
B3VB2K4,Thứ năm,3 ÷ 4,2,8,13,SM
B3VB2K4,Thứ năm,3 ÷ 4,3,8,20,SM
B3VB2K4,Thứ năm,3 ÷ 4,4,8,27,SM
B3VB2K4,Thứ năm,3 ÷ 4,5,8,03,SM
B3VB2K4,Thứ năm,3 ÷ 4,6,9,10,SM
B3VB2K4,Thứ năm,3 ÷ 4,7,9,17,SM
B3VB2K4,Thứ năm,3 ÷ 4,8,9,24,SM
B3VB2K4,Thứ năm,3 ÷ 4,9,9,01,SM
B3VB2K4,Thứ năm,3 ÷ 4,10,10,08,SM
B3VB2K4,Thứ năm,3 ÷ 4,14,11,05,VT
B3VB2K4,Thứ năm,3 ÷ 4,15,11,12,VT
B3VB2K4,Thứ năm,3 ÷ 4,16,11,19,VT
B3VB2K4,Thứ năm,3 ÷ 4,17,11,26,CB
B3VB2K4,Thứ năm,3 ÷ 4,18,11,03,CB
B3VB2K4,Thứ năm,3 ÷ 4,19,12,10,CB
B3VB2K4,Thứ năm,3 ÷ 4,20,12,17,CB
B3VB2K4,Thứ năm,3 ÷ 4,21,12,24,CB
B3VB2K4,Thứ năm,3 ÷ 4,22,12,31,CB
B3VB2K4,Thứ năm,3 ÷ 4,23,1,07,CB
B3VB2K4,Thứ năm,7 ÷ 8,14,11,05,VT
B3VB2K4,Thứ năm,7 ÷ 8,15,11,12,VT
B3VB2K4,Thứ năm,7 ÷ 8,16,11,19,VT
B3VB2K4,Thứ năm,7 ÷ 8,17,11,26,BĐ
B3VB2K4,Thứ năm,7 ÷ 8,18,11,03,BĐ
B3VB2K4,Thứ năm,7 ÷ 8,19,12,10,BĐ
B3VB2K4,Thứ năm,7 ÷ 8,20,12,17,BĐ
B3VB2K4,Thứ năm,7 ÷ 8,21,12,24,BĐ
B3VB2K4,Thứ năm,7 ÷ 8,22,12,31,BĐ
B3VB2K4,Thứ năm,7 ÷ 8,23,1,07,BĐ
B3VB2K4,Thứ sáu,3 ÷ 4,1,8,07,QL
B3VB2K4,Thứ sáu,3 ÷ 4,2,8,14,QL
B3VB2K4,Thứ sáu,3 ÷ 4,3,8,21,QL
B3VB2K4,Thứ sáu,3 ÷ 4,4,8,28,QL
B3VB2K4,Thứ sáu,3 ÷ 4,5,8,04,QL
B3VB2K4,Thứ sáu,3 ÷ 4,6,9,11,QL
B3VB2K4,Thứ sáu,3 ÷ 4,7,9,18,QL
B3VB2K4,Thứ sáu,3 ÷ 4,8,9,25,QL
B3VB2K4,Thứ sáu,3 ÷ 4,9,9,02,QL
B3VB2K4,Thứ sáu,3 ÷ 4,10,10,09,QL
B3VB2K4,Thứ sáu,3 ÷ 4,14,11,06,VT
B3VB2K4,Thứ sáu,3 ÷ 4,15,11,13,VT
B3VB2K4,Thứ sáu,3 ÷ 4,16,11,20,VT
B3VB2K4,Thứ sáu,3 ÷ 4,17,11,27,BĐ
B3VB2K4,Thứ sáu,3 ÷ 4,18,11,04,BĐ
B3VB2K4,Thứ sáu,3 ÷ 4,19,12,11,BĐ
B3VB2K4,Thứ sáu,3 ÷ 4,20,12,18,BĐ
B3VB2K4,Thứ sáu,3 ÷ 4,21,12,25,BĐ
B3VB2K4,Thứ sáu,7 ÷ 8,14,11,06,VT
B3VB2K4,Thứ sáu,7 ÷ 8,15,11,13,VT
B3VB2K4,Thứ sáu,7 ÷ 8,16,11,20,VT
B3VB2K4,Thứ sáu,7 ÷ 8,17,11,27,ĐN
B3VB2K4,Thứ sáu,7 ÷ 8,18,11,04,ĐN
B3VB2K4,Thứ sáu,7 ÷ 8,19,12,11,ĐN
B3VB2K4,Thứ sáu,7 ÷ 8,20,12,18,ĐN
B3VB2K4,Thứ sáu,7 ÷ 8,21,12,25,ĐN
B3VB2K4,Thứ sáu,7 ÷ 8,23,1,08,ĐT
B1D13,Thứ hai,2,1,8,03,PM
B1D13,Thứ hai,2,2,8,10,PM
B1D13,Thứ hai,2,3,8,17,PM
B1D13,Thứ hai,2,4,8,24,PM
B1D13,Thứ hai,2,5,8,31,PM
B1D13,Thứ hai,2,6,9,07,PM
B1D13,Thứ hai,2,7,9,14,PM
B1D13,Thứ hai,2,8,9,21,PM
B1D13,Thứ hai,2,9,9,28,PM
B1D13,Thứ hai,2,10,10,05,PM
B1D13,Thứ hai,2,14,11,02,MV
B1D13,Thứ hai,2,15,11,09,MV
B1D13,Thứ hai,2,16,11,16,MV
B1D13,Thứ hai,2,17,11,23,MV
B1D13,Thứ hai,2,18,11,30,MV
B1D13,Thứ hai,2,19,12,07,MV
B1D13,Thứ hai,2,20,12,14,NT
B1D13,Thứ hai,2,21,12,21,NT
B1D13,Thứ hai,2,22,12,28,NT
B1D13,Thứ hai,2,23,1,04,NT
B1D13,Thứ hai,3 ÷ 4,1,8,03,PM
B1D13,Thứ hai,3 ÷ 4,2,8,10,PM
B1D13,Thứ hai,3 ÷ 4,3,8,17,PM
B1D13,Thứ hai,3 ÷ 4,4,8,24,PM
B1D13,Thứ hai,3 ÷ 4,5,8,31,PM
B1D13,Thứ hai,3 ÷ 4,6,9,07,PM
B1D13,Thứ hai,3 ÷ 4,7,9,14,PM
B1D13,Thứ hai,3 ÷ 4,8,9,21,PM
B1D13,Thứ hai,3 ÷ 4,9,9,28,PM
B1D13,Thứ hai,3 ÷ 4,10,10,05,PM
B1D13,Thứ hai,3 ÷ 4,14,11,02,MV
B1D13,Thứ hai,3 ÷ 4,15,11,09,MV
B1D13,Thứ hai,3 ÷ 4,16,11,16,MV
B1D13,Thứ hai,3 ÷ 4,17,11,23,MV
B1D13,Thứ hai,3 ÷ 4,18,11,30,MV
B1D13,Thứ hai,3 ÷ 4,19,12,07,MV
B1D13,Thứ hai,3 ÷ 4,20,12,14,NT
B1D13,Thứ hai,3 ÷ 4,21,12,21,NT
B1D13,Thứ hai,3 ÷ 4,22,12,28,NT
B1D13,Thứ hai,3 ÷ 4,23,1,04,NT
B1D13,Thứ hai,5 ÷ 6,1,8,03,CH
B1D13,Thứ hai,5 ÷ 6,2,8,10,CH
B1D13,Thứ hai,5 ÷ 6,3,8,17,CH
B1D13,Thứ hai,5 ÷ 6,4,8,24,CH
B1D13,Thứ hai,5 ÷ 6,5,8,31,CH
B1D13,Thứ hai,5 ÷ 6,6,9,07,MH
B1D13,Thứ hai,5 ÷ 6,7,9,14,MH
B1D13,Thứ hai,5 ÷ 6,8,9,21,MH
B1D13,Thứ hai,5 ÷ 6,9,9,28,MH
B1D13,Thứ hai,5 ÷ 6,10,10,05,MH
B1D13,Thứ ba,1 ÷ 2,1,8,04,MH
B1D13,Thứ ba,1 ÷ 2,2,8,11,MH
B1D13,Thứ ba,1 ÷ 2,3,8,18,MH
B1D13,Thứ ba,1 ÷ 2,4,8,25,MH
B1D13,Thứ ba,1 ÷ 2,6,9,08,MH
B1D13,Thứ ba,1 ÷ 2,7,9,15,MH
B1D13,Thứ ba,1 ÷ 2,8,9,22,MH
B1D13,Thứ ba,1 ÷ 2,9,9,29,MH
B1D13,Thứ ba,1 ÷ 2,10,10,06,MH
B1D13,Thứ ba,1 ÷ 2,14,11,03,HN
B1D13,Thứ ba,1 ÷ 2,15,11,10,HN
B1D13,Thứ ba,1 ÷ 2,16,11,17,HN
B1D13,Thứ ba,1 ÷ 2,18,11,01,HN
B1D13,Thứ ba,1 ÷ 2,19,12,08,HN
B1D13,Thứ ba,1 ÷ 2,20,12,15,HN
B1D13,Thứ ba,1 ÷ 2,21,12,22,HN
B1D13,Thứ ba,1 ÷ 2,22,12,29,HN
B1D13,Thứ ba,1 ÷ 2,23,1,05,HN
B1D13,Thứ ba,3 ÷ 4,1,8,04,CH
B1D13,Thứ ba,3 ÷ 4,2,8,11,CH
B1D13,Thứ ba,3 ÷ 4,3,8,18,CH
B1D13,Thứ ba,3 ÷ 4,4,8,25,CH
B1D13,Thứ ba,3 ÷ 4,6,9,08,CH
B1D13,Thứ ba,3 ÷ 4,7,9,15,CH
B1D13,Thứ ba,3 ÷ 4,8,9,22,CH
B1D13,Thứ ba,3 ÷ 4,9,9,29,CH
B1D13,Thứ ba,3 ÷ 4,10,10,06,CH
B1D13,Thứ ba,3 ÷ 4,14,11,03,HN
B1D13,Thứ ba,3 ÷ 4,15,11,10,HN
B1D13,Thứ ba,3 ÷ 4,16,11,17,HN
B1D13,Thứ ba,3 ÷ 4,18,11,01,HN
B1D13,Thứ ba,3 ÷ 4,19,12,08,HN
B1D13,Thứ ba,3 ÷ 4,20,12,15,HN
B1D13,Thứ ba,3 ÷ 4,21,12,22,HN
B1D13,Thứ ba,3 ÷ 4,22,12,29,HN
B1D13,Thứ ba,3 ÷ 4,23,1,05,HN
B1D13,Thứ ba,5 ÷ 6,1,8,04,LW
B1D13,Thứ ba,5 ÷ 6,2,8,11,LW
B1D13,Thứ ba,5 ÷ 6,3,8,18,LW
B1D13,Thứ ba,5 ÷ 6,4,8,25,LW
B1D13,Thứ ba,5 ÷ 6,6,9,08,LW
B1D13,Thứ ba,5 ÷ 6,7,9,15,SC
B1D13,Thứ ba,5 ÷ 6,8,9,22,SC
B1D13,Thứ ba,5 ÷ 6,9,9,29,SC
B1D13,Thứ ba,5 ÷ 6,10,10,06,SC
B1D13,Thứ ba,5 ÷ 6,14,11,03,DĐ
B1D13,Thứ ba,5 ÷ 6,15,11,10,DĐ
B1D13,Thứ ba,5 ÷ 6,16,11,17,DĐ
B1D13,Thứ ba,5 ÷ 6,17,11,24,VN
B1D13,Thứ tư,1 ÷ 2,1,8,05,PM
B1D13,Thứ tư,1 ÷ 2,2,8,12,PM
B1D13,Thứ tư,1 ÷ 2,3,8,19,PM
B1D13,Thứ tư,1 ÷ 2,4,8,26,PM
B1D13,Thứ tư,1 ÷ 2,6,9,09,PM
B1D13,Thứ tư,1 ÷ 2,7,9,16,PM
B1D13,Thứ tư,1 ÷ 2,8,9,23,PM
B1D13,Thứ tư,1 ÷ 2,9,9,30,PM
B1D13,Thứ tư,1 ÷ 2,10,10,07,PM
B1D13,Thứ tư,1 ÷ 2,14,11,04,MV
B1D13,Thứ tư,1 ÷ 2,15,11,11,MV
B1D13,Thứ tư,1 ÷ 2,16,11,18,MV
B1D13,Thứ tư,1 ÷ 2,17,11,25,MV
B1D13,Thứ tư,1 ÷ 2,19,12,09,MV
B1D13,Thứ tư,1 ÷ 2,20,12,16,MV
B1D13,Thứ tư,1 ÷ 2,21,12,23,NT
B1D13,Thứ tư,1 ÷ 2,22,12,30,NT
B1D13,Thứ tư,1 ÷ 2,23,1,06,NT
B1D13,Thứ tư,3 ÷ 4,1,8,05,LW
B1D13,Thứ tư,3 ÷ 4,2,8,12,LW
B1D13,Thứ tư,3 ÷ 4,3,8,19,LW
B1D13,Thứ tư,3 ÷ 4,4,8,26,LW
B1D13,Thứ tư,3 ÷ 4,6,9,09,LW
B1D13,Thứ tư,3 ÷ 4,7,9,16,LW
B1D13,Thứ tư,3 ÷ 4,8,9,23,LW
B1D13,Thứ tư,3 ÷ 4,9,9,30,LW
B1D13,Thứ tư,3 ÷ 4,10,10,07,LW
B1D13,Thứ tư,3 ÷ 4,14,11,04,NT
B1D13,Thứ tư,3 ÷ 4,15,11,11,NT
B1D13,Thứ tư,3 ÷ 4,16,11,18,NT
B1D13,Thứ tư,3 ÷ 4,17,11,25,NT
B1D13,Thứ tư,3 ÷ 4,19,12,09,NT
B1D13,Thứ tư,3 ÷ 4,20,12,16,NT
B1D13,Thứ tư,5 ÷ 6,1,8,05,SC
B1D13,Thứ tư,5 ÷ 6,2,8,12,SC
B1D13,Thứ tư,5 ÷ 6,3,8,19,SC
B1D13,Thứ tư,5 ÷ 6,4,8,26,SC
B1D13,Thứ tư,5 ÷ 6,6,9,09,SC
B1D13,Thứ tư,5 ÷ 6,7,9,16,SC
B1D13,Thứ tư,5 ÷ 6,8,9,23,SC
B1D13,Thứ tư,5 ÷ 6,9,9,30,SC
B1D13,Thứ tư,5 ÷ 6,10,10,07,SC
B1D13,Thứ năm,1 ÷ 2,1,8,06,CH
B1D13,Thứ năm,1 ÷ 2,2,8,13,CH
B1D13,Thứ năm,1 ÷ 2,3,8,20,CH
B1D13,Thứ năm,1 ÷ 2,4,8,27,CH
B1D13,Thứ năm,1 ÷ 2,5,8,03,CH
B1D13,Thứ năm,1 ÷ 2,6,9,10,CH
B1D13,Thứ năm,1 ÷ 2,7,9,17,CH
B1D13,Thứ năm,1 ÷ 2,8,9,24,CH
B1D13,Thứ năm,1 ÷ 2,9,9,01,CH
B1D13,Thứ năm,1 ÷ 2,14,11,05,DĐ
B1D13,Thứ năm,1 ÷ 2,15,11,12,DĐ
B1D13,Thứ năm,1 ÷ 2,16,11,19,DĐ
B1D13,Thứ năm,1 ÷ 2,17,11,26,DĐ
B1D13,Thứ năm,1 ÷ 2,18,11,03,DĐ
B1D13,Thứ năm,1 ÷ 2,19,12,10,DĐ
B1D13,Thứ năm,1 ÷ 2,20,12,17,DĐ
B1D13,Thứ năm,1 ÷ 2,21,12,24,DĐ
B1D13,Thứ năm,1 ÷ 2,22,12,31,DĐ
B1D13,Thứ năm,1 ÷ 2,23,1,07,DĐ
B1D13,Thứ năm,3 ÷ 4,1,8,06,MH
B1D13,Thứ năm,3 ÷ 4,2,8,13,MH
B1D13,Thứ năm,3 ÷ 4,3,8,20,MH
B1D13,Thứ năm,3 ÷ 4,4,8,27,MH
B1D13,Thứ năm,3 ÷ 4,5,8,03,MH
B1D13,Thứ năm,3 ÷ 4,6,9,10,MH
B1D13,Thứ năm,3 ÷ 4,7,9,17,MH
B1D13,Thứ năm,3 ÷ 4,8,9,24,MH
B1D13,Thứ năm,3 ÷ 4,9,9,01,MH
B1D13,Thứ năm,3 ÷ 4,14,11,05,DĐ
B1D13,Thứ năm,3 ÷ 4,15,11,12,DĐ
B1D13,Thứ năm,3 ÷ 4,16,11,19,DĐ
B1D13,Thứ năm,3 ÷ 4,17,11,26,DĐ
B1D13,Thứ năm,3 ÷ 4,18,11,03,DĐ
B1D13,Thứ năm,3 ÷ 4,19,12,10,DĐ
B1D13,Thứ năm,3 ÷ 4,20,12,17,DĐ
B1D13,Thứ năm,3 ÷ 4,21,12,24,DĐ
B1D13,Thứ năm,3 ÷ 4,22,12,31,DĐ
B1D13,Thứ năm,3 ÷ 4,23,1,07,DĐ
B1D13,Thứ năm,5 ÷ 6,1,8,06,SC
B1D13,Thứ năm,5 ÷ 6,2,8,13,SC
B1D13,Thứ năm,5 ÷ 6,3,8,20,SC
B1D13,Thứ năm,5 ÷ 6,4,8,27,SC
B1D13,Thứ năm,5 ÷ 6,5,8,03,SC
B1D13,Thứ năm,5 ÷ 6,6,9,10,SC
B1D13,Thứ năm,5 ÷ 6,7,9,17,SC
B1D13,Thứ năm,5 ÷ 6,8,9,24,SC
B1D13,Thứ năm,5 ÷ 6,9,9,01,SC
B1D13,Thứ năm,5 ÷ 6,10,10,08,SC
B1D13,Thứ năm,5 ÷ 6,14,11,05,HN
B1D13,Thứ năm,5 ÷ 6,15,11,12,HN
B1D13,Thứ năm,5 ÷ 6,16,11,19,HN
B1D13,Thứ năm,5 ÷ 6,17,11,26,HN
B1D13,Thứ năm,5 ÷ 6,18,11,03,HN
B1D13,Thứ sáu,1 ÷ 2,1,8,07,PM
B1D13,Thứ sáu,1 ÷ 2,2,8,14,PM
B1D13,Thứ sáu,1 ÷ 2,3,8,21,PM
B1D13,Thứ sáu,1 ÷ 2,4,8,28,PM
B1D13,Thứ sáu,1 ÷ 2,5,8,04,PM
B1D13,Thứ sáu,1 ÷ 2,6,9,11,PM
B1D13,Thứ sáu,1 ÷ 2,7,9,18,PM
B1D13,Thứ sáu,1 ÷ 2,8,9,25,PM
B1D13,Thứ sáu,1 ÷ 2,9,9,02,PM
B1D13,Thứ sáu,1 ÷ 2,10,10,09,PM
B1D13,Thứ sáu,1 ÷ 2,14,11,06,NT
B1D13,Thứ sáu,1 ÷ 2,15,11,13,NT
B1D13,Thứ sáu,1 ÷ 2,16,11,20,NT
B1D13,Thứ sáu,1 ÷ 2,17,11,27,NT
B1D13,Thứ sáu,1 ÷ 2,18,11,04,NT
B1D13,Thứ sáu,1 ÷ 2,19,12,11,NT
B1D13,Thứ sáu,1 ÷ 2,20,12,18,NT
B1D13,Thứ sáu,1 ÷ 2,21,12,25,NT
B1D13,Thứ sáu,3 ÷ 4,14,11,06,MV
B1D13,Thứ sáu,3 ÷ 4,15,11,13,MV
B1D13,Thứ sáu,3 ÷ 4,16,11,20,MV
B1D13,Thứ sáu,3 ÷ 4,17,11,27,MV
B1D13,Thứ sáu,3 ÷ 4,18,11,04,MV
B1D13,Thứ sáu,3 ÷ 4,19,12,11,MV
B1D13,Thứ sáu,3 ÷ 4,20,12,18,MV
B1D13,Thứ sáu,3 ÷ 4,21,12,25,MV
B1D13,Thứ sáu,5 ÷ 6,1,8,07,LW
B1D13,Thứ sáu,5 ÷ 6,2,8,14,LW
B1D13,Thứ sáu,5 ÷ 6,3,8,21,LW
B1D13,Thứ sáu,5 ÷ 6,4,8,28,LW
B1D13,Thứ sáu,5 ÷ 6,5,8,04,LW
B1D13,Thứ sáu,5 ÷ 6,6,9,11,LW
B1D13,Thứ sáu,5 ÷ 6,7,9,18,LW
B1D13,Thứ sáu,5 ÷ 6,8,9,25,LW
B1D13,Thứ sáu,5 ÷ 6,9,9,02,LW
B1D13,Thứ sáu,5 ÷ 6,10,10,09,LW
B1D13,Thứ sáu,5 ÷ 6,22,12,01,DL
B1D13,Thứ sáu,7 ÷ 8,1,8,07,LW
B1D13,Thứ sáu,7 ÷ 8,2,8,14,LW
B1D13,Thứ sáu,7 ÷ 8,3,8,21,LW
B1D13,Thứ sáu,7 ÷ 8,4,8,28,LW
B1D13,Thứ sáu,7 ÷ 8,5,8,04,LW
B1D13,Thứ sáu,7 ÷ 8,6,9,11,LW
B1D13,Thứ sáu,7 ÷ 8,7,9,18,LW
B1D13,Thứ sáu,7 ÷ 8,8,9,25,LW
B1D13,Thứ sáu,7 ÷ 8,9,9,02,LW
B1D13,Thứ sáu,7 ÷ 8,10,10,09,LW
B1D13,Thứ bảy,5 ÷ 6,6,9,12,1
B1D13,Thứ bảy,5 ÷ 6,19,12,12,2
B2D13,Thứ hai,3 ÷ 4,1,8,03,KV
B2D13,Thứ hai,3 ÷ 4,2,8,10,KV
B2D13,Thứ hai,3 ÷ 4,3,8,17,KV
B2D13,Thứ hai,3 ÷ 4,4,8,24,KV
B2D13,Thứ hai,3 ÷ 4,5,8,31,KV
B2D13,Thứ hai,3 ÷ 4,6,9,07,KV
B2D13,Thứ hai,3 ÷ 4,7,9,14,KV
B2D13,Thứ hai,3 ÷ 4,8,9,21,KV
B2D13,Thứ hai,3 ÷ 4,9,9,28,KV
B2D13,Thứ hai,3 ÷ 4,10,10,05,KV
B2D13,Thứ hai,3 ÷ 4,14,11,02,CN
B2D13,Thứ hai,3 ÷ 4,15,11,09,CN
B2D13,Thứ hai,3 ÷ 4,16,11,16,CN
B2D13,Thứ hai,3 ÷ 4,17,11,23,CN
B2D13,Thứ hai,3 ÷ 4,18,11,30,CN
B2D13,Thứ hai,3 ÷ 4,19,12,07,CN
B2D13,Thứ hai,3 ÷ 4,20,12,14,CN
B2D13,Thứ hai,3 ÷ 4,21,12,21,PM
B2D13,Thứ hai,3 ÷ 4,22,12,28,PM
B2D13,Thứ hai,3 ÷ 4,23,1,04,PM
B2D13,Thứ ba,3 ÷ 4,1,8,04,VK
B2D13,Thứ ba,3 ÷ 4,2,8,11,VK
B2D13,Thứ ba,3 ÷ 4,3,8,18,VK
B2D13,Thứ ba,3 ÷ 4,4,8,25,VK
B2D13,Thứ ba,3 ÷ 4,6,9,08,VK
B2D13,Thứ ba,3 ÷ 4,7,9,15,VK
B2D13,Thứ ba,3 ÷ 4,8,9,22,VK
B2D13,Thứ ba,3 ÷ 4,9,9,29,AU
B2D13,Thứ ba,3 ÷ 4,10,10,06,VK
B2D13,Thứ ba,3 ÷ 4,14,11,03,QB
B2D13,Thứ ba,3 ÷ 4,15,11,10,QB
B2D13,Thứ ba,3 ÷ 4,16,11,17,QB
B2D13,Thứ ba,3 ÷ 4,18,11,01,ĐT
B2D13,Thứ ba,3 ÷ 4,19,12,08,ĐT
B2D13,Thứ ba,3 ÷ 4,20,12,15,ĐT
B2D13,Thứ ba,3 ÷ 4,21,12,22,ĐT
B2D13,Thứ ba,3 ÷ 4,22,12,29,ĐT
B2D13,Thứ ba,3 ÷ 4,23,1,05,ĐT
B2D13,Thứ tư,3 ÷ 4,1,8,05,SH
B2D13,Thứ tư,3 ÷ 4,2,8,12,SH
B2D13,Thứ tư,3 ÷ 4,3,8,19,SH
B2D13,Thứ tư,3 ÷ 4,4,8,26,SH
B2D13,Thứ tư,3 ÷ 4,6,9,09,SH
B2D13,Thứ tư,3 ÷ 4,7,9,16,SH
B2D13,Thứ tư,3 ÷ 4,8,9,23,SH
B2D13,Thứ tư,3 ÷ 4,9,9,30,SH
B2D13,Thứ tư,3 ÷ 4,10,10,07,VK
B2D13,Thứ tư,3 ÷ 4,14,11,04,ĐT
B2D13,Thứ tư,3 ÷ 4,15,11,11,ĐT
B2D13,Thứ tư,3 ÷ 4,16,11,18,ĐT
B2D13,Thứ tư,3 ÷ 4,17,11,25,ĐT
B2D13,Thứ tư,3 ÷ 4,19,12,09,ĐT
B2D13,Thứ tư,3 ÷ 4,20,12,16,ĐT
B2D13,Thứ tư,3 ÷ 4,21,12,23,ĐT
B2D13,Thứ tư,3 ÷ 4,22,12,30,ĐT
B2D13,Thứ tư,3 ÷ 4,23,1,06,ĐT
B2D13,Thứ năm,3 ÷ 4,1,8,06,AU
B2D13,Thứ năm,3 ÷ 4,2,8,13,AU
B2D13,Thứ năm,3 ÷ 4,3,8,20,AU
B2D13,Thứ năm,3 ÷ 4,4,8,27,AU
B2D13,Thứ năm,3 ÷ 4,5,8,03,AU
B2D13,Thứ năm,3 ÷ 4,6,9,10,AU
B2D13,Thứ năm,3 ÷ 4,7,9,17,AU
B2D13,Thứ năm,3 ÷ 4,8,9,24,AU
B2D13,Thứ năm,3 ÷ 4,9,9,01,AU
B2D13,Thứ năm,3 ÷ 4,10,10,08,VK
B2D13,Thứ năm,3 ÷ 4,14,11,05,PM
B2D13,Thứ năm,3 ÷ 4,15,11,12,PM
B2D13,Thứ năm,3 ÷ 4,16,11,19,PM
B2D13,Thứ năm,3 ÷ 4,17,11,26,PM
B2D13,Thứ năm,3 ÷ 4,18,11,03,PM
B2D13,Thứ năm,3 ÷ 4,19,12,10,PM
B2D13,Thứ năm,3 ÷ 4,20,12,17,PM
B2D13,Thứ năm,3 ÷ 4,21,12,24,PM
B2D13,Thứ năm,3 ÷ 4,22,12,31,PM
B2D13,Thứ năm,3 ÷ 4,23,1,07,PM
B2D13,Thứ sáu,3 ÷ 4,1,8,07,SH
B2D13,Thứ sáu,3 ÷ 4,2,8,14,SH
B2D13,Thứ sáu,3 ÷ 4,3,8,21,SH
B2D13,Thứ sáu,3 ÷ 4,4,8,28,SH
B2D13,Thứ sáu,3 ÷ 4,5,8,04,SH
B2D13,Thứ sáu,3 ÷ 4,6,9,11,SH
B2D13,Thứ sáu,3 ÷ 4,7,9,18,SH
B2D13,Thứ sáu,3 ÷ 4,8,9,25,SH
B2D13,Thứ sáu,3 ÷ 4,9,9,02,AU
B2D13,Thứ sáu,3 ÷ 4,14,11,06,CN
B2D13,Thứ sáu,3 ÷ 4,15,11,13,CN
B2D13,Thứ sáu,3 ÷ 4,16,11,20,CN
B2D13,Thứ sáu,3 ÷ 4,17,11,27,CN
B2D13,Thứ sáu,3 ÷ 4,18,11,04,CN
B2D13,Thứ sáu,3 ÷ 4,19,12,11,CN
B2D13,Thứ sáu,3 ÷ 4,20,12,18,ĐT
B2D13,Thứ sáu,3 ÷ 4,21,12,25,ĐT
B2D13,Thứ sáu,3 ÷ 4,23,1,08,ĐT
B3D13,Thứ hai,3 ÷ 4,1,8,03,BĐ
B3D13,Thứ hai,3 ÷ 4,2,8,10,BĐ
B3D13,Thứ hai,3 ÷ 4,3,8,17,BĐ
B3D13,Thứ hai,3 ÷ 4,4,8,24,BĐ
B3D13,Thứ hai,3 ÷ 4,5,8,31,BĐ
B3D13,Thứ hai,3 ÷ 4,6,9,07,BĐ
B3D13,Thứ hai,3 ÷ 4,7,9,14,BĐ
B3D13,Thứ hai,3 ÷ 4,8,9,21,BĐ
B3D13,Thứ hai,3 ÷ 4,9,9,28,BĐ
B3D13,Thứ hai,3 ÷ 4,10,10,05,BĐ
B3D13,Thứ hai,3 ÷ 4,14,11,02,ĐT
B3D13,Thứ hai,3 ÷ 4,15,11,09,ĐT
B3D13,Thứ hai,3 ÷ 4,16,11,16,ĐT
B3D13,Thứ hai,3 ÷ 4,17,11,23,ĐT
B3D13,Thứ hai,3 ÷ 4,18,11,30,ĐT
B3D13,Thứ hai,3 ÷ 4,19,12,07,ĐT
B3D13,Thứ hai,3 ÷ 4,20,12,14,ĐT
B3D13,Thứ hai,3 ÷ 4,21,12,21,ĐT
B3D13,Thứ hai,3 ÷ 4,22,12,28,ĐT
B3D13,Thứ hai,3 ÷ 4,23,1,04,ĐT
B3D13,Thứ ba,3 ÷ 4,1,8,04,AU
B3D13,Thứ ba,3 ÷ 4,2,8,11,AU
B3D13,Thứ ba,3 ÷ 4,3,8,18,AU
B3D13,Thứ ba,3 ÷ 4,4,8,25,AU
B3D13,Thứ ba,3 ÷ 4,6,9,08,AU
B3D13,Thứ ba,3 ÷ 4,7,9,15,AU
B3D13,Thứ ba,3 ÷ 4,8,9,22,AU
B3D13,Thứ ba,3 ÷ 4,9,9,29,AU
B3D13,Thứ ba,3 ÷ 4,10,10,06,AU
B3D13,Thứ ba,3 ÷ 4,14,11,03,VK
B3D13,Thứ ba,3 ÷ 4,15,11,10,VK
B3D13,Thứ ba,3 ÷ 4,16,11,17,VK
B3D13,Thứ ba,3 ÷ 4,18,11,01,VK
B3D13,Thứ ba,3 ÷ 4,19,12,08,VK
B3D13,Thứ ba,3 ÷ 4,20,12,15,VK
B3D13,Thứ ba,3 ÷ 4,21,12,22,VK
B3D13,Thứ ba,3 ÷ 4,22,12,29,VK
B3D13,Thứ ba,3 ÷ 4,23,1,05,VK
B3D13,Thứ tư,3 ÷ 4,1,8,05,BĐ
B3D13,Thứ tư,3 ÷ 4,2,8,12,BĐ
B3D13,Thứ tư,3 ÷ 4,3,8,19,BĐ
B3D13,Thứ tư,3 ÷ 4,4,8,26,BĐ
B3D13,Thứ tư,3 ÷ 4,6,9,09,BĐ
B3D13,Thứ tư,3 ÷ 4,7,9,16,BĐ
B3D13,Thứ tư,3 ÷ 4,8,9,23,BĐ
B3D13,Thứ tư,3 ÷ 4,9,9,30,BĐ
B3D13,Thứ tư,3 ÷ 4,10,10,07,QC
B3D13,Thứ tư,3 ÷ 4,14,11,04,KC
B3D13,Thứ tư,3 ÷ 4,15,11,11,KC
B3D13,Thứ tư,3 ÷ 4,16,11,18,KC
B3D13,Thứ tư,3 ÷ 4,17,11,25,KC
B3D13,Thứ tư,3 ÷ 4,18,11,02,KC
B3D13,Thứ tư,3 ÷ 4,19,12,09,KC
B3D13,Thứ tư,3 ÷ 4,20,12,16,KC
B3D13,Thứ tư,3 ÷ 4,21,12,23,KC
B3D13,Thứ tư,3 ÷ 4,22,12,30,KC
B3D13,Thứ tư,3 ÷ 4,23,1,06,KC
B3D13,Thứ năm,3 ÷ 4,1,8,06,SM
B3D13,Thứ năm,3 ÷ 4,2,8,13,SM
B3D13,Thứ năm,3 ÷ 4,3,8,20,SM
B3D13,Thứ năm,3 ÷ 4,4,8,27,SM
B3D13,Thứ năm,3 ÷ 4,5,8,03,SM
B3D13,Thứ năm,3 ÷ 4,6,9,10,SM
B3D13,Thứ năm,3 ÷ 4,7,9,17,SM
B3D13,Thứ năm,3 ÷ 4,8,9,24,SM
B3D13,Thứ năm,3 ÷ 4,9,9,01,SM
B3D13,Thứ năm,3 ÷ 4,14,11,05,NS
B3D13,Thứ năm,3 ÷ 4,15,11,12,NS
B3D13,Thứ năm,3 ÷ 4,16,11,19,NS
B3D13,Thứ năm,3 ÷ 4,17,11,26,NS
B3D13,Thứ năm,3 ÷ 4,18,11,03,NS
B3D13,Thứ năm,3 ÷ 4,19,12,10,NS
B3D13,Thứ năm,3 ÷ 4,20,12,17,NS
B3D13,Thứ năm,3 ÷ 4,21,12,24,NS
B3D13,Thứ năm,3 ÷ 4,22,12,31,NS
B3D13,Thứ năm,3 ÷ 4,23,1,07,NS
B3D13,Thứ sáu,3 ÷ 4,1,8,07,QC
B3D13,Thứ sáu,3 ÷ 4,2,8,14,QC
B3D13,Thứ sáu,3 ÷ 4,3,8,21,QC
B3D13,Thứ sáu,3 ÷ 4,4,8,28,QC
B3D13,Thứ sáu,3 ÷ 4,5,8,04,QC
B3D13,Thứ sáu,3 ÷ 4,6,9,11,QC
B3D13,Thứ sáu,3 ÷ 4,7,9,18,QC
B3D13,Thứ sáu,3 ÷ 4,8,9,25,QC
B3D13,Thứ sáu,3 ÷ 4,9,9,02,QC
B3D13,Thứ sáu,3 ÷ 4,10,10,09,QC
B3D13,Thứ sáu,3 ÷ 4,14,11,06,ĐT
B3D13,Thứ sáu,3 ÷ 4,15,11,13,ĐT
B3D13,Thứ sáu,3 ÷ 4,16,11,20,ĐT
B3D13,Thứ sáu,3 ÷ 4,17,11,27,ĐT
B3D13,Thứ sáu,3 ÷ 4,18,11,04,ĐT
B3D13,Thứ sáu,3 ÷ 4,19,12,11,ĐT
B3D13,Thứ sáu,3 ÷ 4,20,12,18,ĐT
B3D13,Thứ sáu,3 ÷ 4,21,12,25,ĐT
B3D13,Thứ sáu,3 ÷ 4,23,1,08,KC
B4D13,Thứ hai,3 ÷ 4,1,8,03,PH
B4D13,Thứ hai,3 ÷ 4,2,8,10,PH
B4D13,Thứ hai,3 ÷ 4,3,8,17,PH
B4D13,Thứ hai,3 ÷ 4,4,8,24,PH
B4D13,Thứ hai,3 ÷ 4,5,8,31,PH
B4D13,Thứ hai,3 ÷ 4,6,9,07,PH
B4D13,Thứ hai,3 ÷ 4,7,9,14,PH
B4D13,Thứ hai,3 ÷ 4,8,9,21,PH
B4D13,Thứ hai,3 ÷ 4,9,9,28,PH
B4D13,Thứ hai,3 ÷ 4,10,10,05,PH
B4D13,Thứ hai,3 ÷ 4,14,11,02,AC
B4D13,Thứ hai,3 ÷ 4,15,11,09,AC
B4D13,Thứ hai,3 ÷ 4,16,11,16,AC
B4D13,Thứ hai,3 ÷ 4,17,11,23,AC
B4D13,Thứ hai,3 ÷ 4,18,11,30,AC
B4D13,Thứ hai,3 ÷ 4,19,12,07,AC
B4D13,Thứ hai,3 ÷ 4,20,12,14,AC
B4D13,Thứ hai,3 ÷ 4,21,12,21,AC
B4D13,Thứ hai,3 ÷ 4,22,12,28,AC
B4D13,Thứ hai,3 ÷ 4,23,1,04,AC
B4D13,Thứ ba,3 ÷ 4,7,9,15,MT
B4D13,Thứ ba,3 ÷ 4,8,9,22,MT
B4D13,Thứ ba,3 ÷ 4,9,9,29,MT
B4D13,Thứ ba,3 ÷ 4,10,10,06,MT
B4D13,Thứ ba,3 ÷ 4,14,11,03,BP
B4D13,Thứ ba,3 ÷ 4,15,11,10,BP
B4D13,Thứ ba,3 ÷ 4,20,12,15,GS
B4D13,Thứ ba,3 ÷ 4,21,12,22,GS
B4D13,Thứ ba,3 ÷ 4,22,12,29,GS
B4D13,Thứ ba,3 ÷ 4,23,1,05,GS
B4D13,Thứ tư,3 ÷ 4,1,8,05,NV
B4D13,Thứ tư,3 ÷ 4,2,8,12,NV
B4D13,Thứ tư,3 ÷ 4,3,8,19,NV
B4D13,Thứ tư,3 ÷ 4,4,8,26,NV
B4D13,Thứ tư,3 ÷ 4,6,9,09,NV
B4D13,Thứ tư,3 ÷ 4,7,9,16,BP
B4D13,Thứ tư,3 ÷ 4,8,9,23,BP
B4D13,Thứ tư,3 ÷ 4,9,9,30,BP
B4D13,Thứ tư,3 ÷ 4,10,10,07,BP
B4D13,Thứ tư,3 ÷ 4,16,11,18,VĐ
B4D13,Thứ tư,3 ÷ 4,17,11,25,VĐ
B4D13,Thứ tư,3 ÷ 4,18,11,02,VĐ
B4D13,Thứ tư,3 ÷ 4,19,12,09,VĐ
B4D13,Thứ tư,3 ÷ 4,20,12,16,VĐ
B4D13,Thứ tư,3 ÷ 4,21,12,23,VĐ
B4D13,Thứ tư,3 ÷ 4,22,12,30,VĐ
B4D13,Thứ tư,3 ÷ 4,23,1,06,VĐ
B4D13,Thứ năm,3 ÷ 4,1,8,06,AN
B4D13,Thứ năm,3 ÷ 4,2,8,13,AN
B4D13,Thứ năm,3 ÷ 4,3,8,20,AN
B4D13,Thứ năm,3 ÷ 4,4,8,27,AN
B4D13,Thứ năm,3 ÷ 4,5,8,03,AN
B4D13,Thứ năm,3 ÷ 4,6,9,10,AN
B4D13,Thứ năm,3 ÷ 4,7,9,17,AN
B4D13,Thứ năm,3 ÷ 4,8,9,24,AN
B4D13,Thứ năm,3 ÷ 4,9,9,01,AN
B4D13,Thứ năm,3 ÷ 4,10,10,08,AN
B4D13,Thứ năm,3 ÷ 4,14,11,05,BP
B4D13,Thứ năm,3 ÷ 4,15,11,12,BP
B4D13,Thứ năm,3 ÷ 4,20,12,17,GS
B4D13,Thứ năm,3 ÷ 4,21,12,24,GS
B4D13,Thứ năm,3 ÷ 4,22,12,31,GS
B4D13,Thứ năm,3 ÷ 4,23,1,07,GS
B4D13,Thứ sáu,3 ÷ 4,1,8,07,PH
B4D13,Thứ sáu,3 ÷ 4,2,8,14,PH
B4D13,Thứ sáu,3 ÷ 4,3,8,21,PH
B4D13,Thứ sáu,3 ÷ 4,4,8,28,PH
B4D13,Thứ sáu,3 ÷ 4,5,8,04,PH
B4D13,Thứ sáu,3 ÷ 4,6,9,11,PH
B4D13,Thứ sáu,3 ÷ 4,7,9,18,PH
B4D13,Thứ sáu,3 ÷ 4,8,9,25,PH
B4D13,Thứ sáu,3 ÷ 4,9,9,02,PH
B4D13,Thứ sáu,3 ÷ 4,10,10,09,BP
B4D13,Thứ sáu,3 ÷ 4,14,11,06,AC
B4D13,Thứ sáu,3 ÷ 4,15,11,13,AC
B4D13,Thứ sáu,3 ÷ 4,16,11,20,AC
B4D13,Thứ sáu,3 ÷ 4,17,11,27,AC
B4D13,Thứ sáu,3 ÷ 4,18,11,04,AC
B4D13,Thứ sáu,3 ÷ 4,20,12,18,VĐ
B4D13,Thứ sáu,3 ÷ 4,21,12,25,VĐ
B4D13,Thứ sáu,3 ÷ 4,23,1,08,VĐ
"B5,6D13",Thứ hai,3 ÷ 4,1,8,03,LT
"B5,6D13",Thứ hai,3 ÷ 4,2,8,10,LT
"B5,6D13",Thứ hai,3 ÷ 4,3,8,17,LT
"B5,6D13",Thứ hai,3 ÷ 4,4,8,24,LT
"B5,6D13",Thứ hai,3 ÷ 4,5,8,31,LT
"B5,6D13",Thứ hai,3 ÷ 4,6,9,07,LT
"B5,6D13",Thứ hai,3 ÷ 4,7,9,14,LT
"B5,6D13",Thứ hai,3 ÷ 4,8,9,21,LT
"B5,6D13",Thứ hai,3 ÷ 4,9,9,28,LT
"B5,6D13",Thứ hai,3 ÷ 4,10,10,05,LT
"B5,6D13",Thứ hai,3 ÷ 4,14,11,02,PD
"B5,6D13",Thứ hai,3 ÷ 4,15,11,09,PD
"B5,6D13",Thứ hai,3 ÷ 4,16,11,16,PD
"B5,6D13",Thứ hai,3 ÷ 4,17,11,23,PD
"B5,6D13",Thứ hai,3 ÷ 4,18,11,30,PD
"B5,6D13",Thứ hai,3 ÷ 4,19,12,07,PD
"B5,6D13",Thứ hai,3 ÷ 4,20,12,14,PD
"B5,6D13",Thứ hai,3 ÷ 4,21,12,21,PD
"B5,6D13",Thứ hai,3 ÷ 4,22,12,28,PD
"B5,6D13",Thứ hai,3 ÷ 4,23,1,04,PD
"B5,6D13",Thứ ba,3 ÷ 4,1,8,04,TP
"B5,6D13",Thứ ba,3 ÷ 4,2,8,11,TP
"B5,6D13",Thứ ba,3 ÷ 4,3,8,18,TP
"B5,6D13",Thứ ba,3 ÷ 4,4,8,25,TP
"B5,6D13",Thứ ba,3 ÷ 4,6,9,08,TP
"B5,6D13",Thứ ba,3 ÷ 4,7,9,15,TP
"B5,6D13",Thứ ba,3 ÷ 4,8,9,22,TP
"B5,6D13",Thứ ba,3 ÷ 4,9,9,29,TP
"B5,6D13",Thứ ba,3 ÷ 4,10,10,06,TP
"B5,6D13",Thứ ba,3 ÷ 4,14,11,03,LA
"B5,6D13",Thứ ba,3 ÷ 4,15,11,10,LA
"B5,6D13",Thứ ba,3 ÷ 4,16,11,17,LA
"B5,6D13",Thứ ba,3 ÷ 4,18,11,01,LA
"B5,6D13",Thứ ba,3 ÷ 4,19,12,08,LA
"B5,6D13",Thứ ba,3 ÷ 4,20,12,15,LA
"B5,6D13",Thứ ba,3 ÷ 4,21,12,22,LA
"B5,6D13",Thứ ba,3 ÷ 4,22,12,29,LA
"B5,6D13",Thứ ba,3 ÷ 4,23,1,05,LA
"B5,6D13",Thứ tư,3 ÷ 4,1,8,05,XN
"B5,6D13",Thứ tư,3 ÷ 4,2,8,12,XN
"B5,6D13",Thứ tư,3 ÷ 4,3,8,19,XN
"B5,6D13",Thứ tư,3 ÷ 4,4,8,26,XN
"B5,6D13",Thứ tư,3 ÷ 4,6,9,09,MH
"B5,6D13",Thứ tư,3 ÷ 4,7,9,16,XN
"B5,6D13",Thứ tư,3 ÷ 4,8,9,23,XN
"B5,6D13",Thứ tư,3 ÷ 4,9,9,30,XN
"B5,6D13",Thứ tư,3 ÷ 4,10,10,07,XN
"B5,6D13",Thứ tư,3 ÷ 4,14,11,04,QL
"B5,6D13",Thứ tư,3 ÷ 4,15,11,11,QL
"B5,6D13",Thứ tư,3 ÷ 4,16,11,18,QL
"B5,6D13",Thứ tư,3 ÷ 4,17,11,25,QL
"B5,6D13",Thứ tư,3 ÷ 4,18,11,02,QL
"B5,6D13",Thứ tư,3 ÷ 4,19,12,09,QL
"B5,6D13",Thứ tư,3 ÷ 4,20,12,16,QL
"B5,6D13",Thứ tư,3 ÷ 4,21,12,23,QL
"B5,6D13",Thứ tư,3 ÷ 4,22,12,30,QL
"B5,6D13",Thứ năm,3 ÷ 4,1,8,06,LT
"B5,6D13",Thứ năm,3 ÷ 4,2,8,13,LT
"B5,6D13",Thứ năm,3 ÷ 4,3,8,20,LT
"B5,6D13",Thứ năm,3 ÷ 4,4,8,27,LT
"B5,6D13",Thứ năm,3 ÷ 4,5,8,03,LT
"B5,6D13",Thứ năm,3 ÷ 4,6,9,10,LT
"B5,6D13",Thứ năm,3 ÷ 4,7,9,17,LT
"B5,6D13",Thứ năm,3 ÷ 4,10,10,08,TP
"B5,6D13",Thứ năm,3 ÷ 4,14,11,05,AC
"B5,6D13",Thứ năm,3 ÷ 4,15,11,12,AC
"B5,6D13",Thứ năm,3 ÷ 4,16,11,19,AC
"B5,6D13",Thứ năm,3 ÷ 4,17,11,26,AC
"B5,6D13",Thứ năm,3 ÷ 4,18,11,03,AC
"B5,6D13",Thứ năm,3 ÷ 4,19,12,10,AC
"B5,6D13",Thứ năm,3 ÷ 4,20,12,17,AC
"B5,6D13",Thứ năm,3 ÷ 4,21,12,24,AC
"B5,6D13",Thứ năm,3 ÷ 4,22,12,31,AC
"B5,6D13",Thứ năm,3 ÷ 4,23,1,07,AC
"B5,6D13",Thứ sáu,3 ÷ 4,1,8,07,MH
"B5,6D13",Thứ sáu,3 ÷ 4,2,8,14,MH
"B5,6D13",Thứ sáu,3 ÷ 4,3,8,21,MH
"B5,6D13",Thứ sáu,3 ÷ 4,4,8,28,MH
"B5,6D13",Thứ sáu,3 ÷ 4,5,8,04,MH
"B5,6D13",Thứ sáu,3 ÷ 4,6,9,11,MH
"B5,6D13",Thứ sáu,3 ÷ 4,14,11,06,AC
"B5,6D13",Thứ sáu,3 ÷ 4,15,11,13,AC
"B5,6D13",Thứ sáu,3 ÷ 4,16,11,20,AC
"B5,6D13",Thứ sáu,3 ÷ 4,17,11,27,AC
"B5,6D13",Thứ sáu,3 ÷ 4,18,11,04,AC
"B5,6D13",Thứ sáu,3 ÷ 4,19,12,11,AC
"B5,6D13",Thứ sáu,3 ÷ 4,23,1,08,LA
"B5,6D13",Thứ sáu,7 ÷ 8,6,9,11,MH
"B5,6D13",Thứ sáu,7 ÷ 8,7,9,18,MH
"B5,6D13",Thứ sáu,7 ÷ 8,8,9,25,MH
"B5,6D13",Thứ sáu,7 ÷ 8,9,9,02,MH
"B5,6D13",Thứ sáu,7 ÷ 8,10,10,09,MH
B1D14,Thứ hai,3 ÷ 4,1,8,03,PM
B1D14,Thứ hai,3 ÷ 4,2,8,10,PM
B1D14,Thứ hai,3 ÷ 4,3,8,17,PM
B1D14,Thứ hai,3 ÷ 4,4,8,24,PM
B1D14,Thứ hai,3 ÷ 4,5,8,31,PM
B1D14,Thứ hai,3 ÷ 4,6,9,07,PM
B1D14,Thứ hai,3 ÷ 4,7,9,14,PM
B1D14,Thứ hai,3 ÷ 4,8,9,21,PM
B1D14,Thứ hai,3 ÷ 4,9,9,28,PM
B1D14,Thứ hai,3 ÷ 4,10,10,05,PM
B1D14,Thứ hai,3 ÷ 4,14,11,02,ĐT
B1D14,Thứ hai,3 ÷ 4,15,11,09,ĐT
B1D14,Thứ hai,3 ÷ 4,16,11,16,ĐT
B1D14,Thứ hai,3 ÷ 4,17,11,23,ĐT
B1D14,Thứ hai,3 ÷ 4,18,11,30,ĐT
B1D14,Thứ hai,3 ÷ 4,19,12,07,ĐT
B1D14,Thứ hai,3 ÷ 4,20,12,14,ĐT
B1D14,Thứ hai,3 ÷ 4,21,12,21,ĐT
B1D14,Thứ hai,3 ÷ 4,22,12,28,ĐT
B1D14,Thứ hai,3 ÷ 4,23,1,04,ĐT
B1D14,Thứ ba,3 ÷ 4,1,8,04,LS
B1D14,Thứ ba,3 ÷ 4,2,8,11,LS
B1D14,Thứ ba,3 ÷ 4,3,8,18,LS
B1D14,Thứ ba,3 ÷ 4,4,8,25,LS
B1D14,Thứ ba,3 ÷ 4,6,9,08,LS
B1D14,Thứ ba,3 ÷ 4,7,9,15,LS
B1D14,Thứ ba,3 ÷ 4,8,9,22,LS
B1D14,Thứ ba,3 ÷ 4,9,9,29,LS
B1D14,Thứ ba,3 ÷ 4,10,10,06,LS
B1D14,Thứ ba,3 ÷ 4,14,11,03,AM
B1D14,Thứ ba,3 ÷ 4,15,11,10,AM
B1D14,Thứ ba,3 ÷ 4,16,11,17,AM
B1D14,Thứ ba,3 ÷ 4,18,11,01,AM
B1D14,Thứ ba,3 ÷ 4,19,12,08,AM
B1D14,Thứ ba,3 ÷ 4,20,12,15,AM
B1D14,Thứ ba,3 ÷ 4,21,12,22,AM
B1D14,Thứ ba,3 ÷ 4,22,12,29,AM
B1D14,Thứ ba,3 ÷ 4,23,1,05,AM
B1D14,Thứ tư,3 ÷ 4,14,11,04,TP
B1D14,Thứ tư,3 ÷ 4,15,11,11,TP
B1D14,Thứ tư,3 ÷ 4,16,11,18,TP
B1D14,Thứ tư,3 ÷ 4,17,11,25,TP
B1D14,Thứ tư,3 ÷ 4,19,12,09,TP
B1D14,Thứ tư,3 ÷ 4,20,12,16,TP
B1D14,Thứ tư,3 ÷ 4,21,12,23,TP
B1D14,Thứ tư,3 ÷ 4,22,12,30,TP
B1D14,Thứ tư,3 ÷ 4,23,1,06,TP
B1D14,Thứ tư,7 ÷ 8,9,9,30,VT
B1D14,Thứ tư,7 ÷ 8,10,10,07,VT
B1D14,Thứ năm,3 ÷ 4,1,8,06,LS
B1D14,Thứ năm,3 ÷ 4,2,8,13,LS
B1D14,Thứ năm,3 ÷ 4,3,8,20,LS
B1D14,Thứ năm,3 ÷ 4,4,8,27,LS
B1D14,Thứ năm,3 ÷ 4,5,8,03,LS
B1D14,Thứ năm,3 ÷ 4,6,9,10,LS
B1D14,Thứ năm,3 ÷ 4,7,9,17,LS
B1D14,Thứ năm,3 ÷ 4,8,9,24,LS
B1D14,Thứ năm,3 ÷ 4,9,9,01,LS
B1D14,Thứ năm,3 ÷ 4,10,10,08,LS
B1D14,Thứ năm,3 ÷ 4,14,11,05,TV
B1D14,Thứ năm,3 ÷ 4,15,11,12,TV
B1D14,Thứ năm,3 ÷ 4,16,11,19,TV
B1D14,Thứ năm,3 ÷ 4,17,11,26,TV
B1D14,Thứ năm,3 ÷ 4,18,11,03,TV
B1D14,Thứ năm,3 ÷ 4,19,12,10,TV
B1D14,Thứ năm,3 ÷ 4,20,12,17,TV
B1D14,Thứ năm,3 ÷ 4,21,12,24,TV
B1D14,Thứ năm,3 ÷ 4,22,12,31,TV
B1D14,Thứ năm,3 ÷ 4,23,1,07,TV
B1D14,Thứ sáu,3 ÷ 4,14,11,06,ĐT
B1D14,Thứ sáu,3 ÷ 4,15,11,13,ĐT
B1D14,Thứ sáu,3 ÷ 4,16,11,20,ĐT
B1D14,Thứ sáu,3 ÷ 4,17,11,27,ĐT
B1D14,Thứ sáu,3 ÷ 4,18,11,04,ĐT
B1D14,Thứ sáu,3 ÷ 4,19,12,11,ĐT
B1D14,Thứ sáu,3 ÷ 4,20,12,18,ĐT
B1D14,Thứ sáu,3 ÷ 4,21,12,25,XS
B1D14,Thứ sáu,3 ÷ 4,23,1,08,XS
B1D14,Thứ sáu,7 ÷ 8,9,9,02,VT
B1D14,Thứ sáu,7 ÷ 8,10,10,09,VT
B2D14,Thứ hai,3 ÷ 4,1,8,03,TC
B2D14,Thứ hai,3 ÷ 4,2,8,10,TC
B2D14,Thứ hai,3 ÷ 4,3,8,17,TC
B2D14,Thứ hai,3 ÷ 4,4,8,24,TC
B2D14,Thứ hai,3 ÷ 4,5,8,31,TC
B2D14,Thứ hai,3 ÷ 4,6,9,07,TC
B2D14,Thứ hai,3 ÷ 4,7,9,14,TC
B2D14,Thứ hai,3 ÷ 4,8,9,21,TC
B2D14,Thứ hai,3 ÷ 4,9,9,28,TC
B2D14,Thứ hai,3 ÷ 4,10,10,05,TC
B2D14,Thứ hai,3 ÷ 4,14,11,02,ĐT
B2D14,Thứ hai,3 ÷ 4,15,11,09,ĐT
B2D14,Thứ hai,3 ÷ 4,16,11,16,ĐT
B2D14,Thứ hai,3 ÷ 4,17,11,23,ĐT
B2D14,Thứ hai,3 ÷ 4,18,11,30,ĐT
B2D14,Thứ hai,3 ÷ 4,19,12,07,ĐT
B2D14,Thứ hai,3 ÷ 4,20,12,14,ĐT
B2D14,Thứ hai,3 ÷ 4,21,12,21,ĐT
B2D14,Thứ hai,3 ÷ 4,22,12,28,ĐT
B2D14,Thứ hai,3 ÷ 4,23,1,04,ĐT
B2D14,Thứ ba,3 ÷ 4,8,9,22,LT
B2D14,Thứ ba,3 ÷ 4,9,9,29,LT
B2D14,Thứ ba,3 ÷ 4,10,10,06,LT
B2D14,Thứ ba,3 ÷ 4,14,11,03,HH
B2D14,Thứ ba,3 ÷ 4,15,11,10,HH
B2D14,Thứ ba,3 ÷ 4,16,11,17,HH
B2D14,Thứ ba,3 ÷ 4,18,11,01,HH
B2D14,Thứ ba,3 ÷ 4,19,12,08,HH
B2D14,Thứ ba,3 ÷ 4,20,12,15,HH
B2D14,Thứ ba,3 ÷ 4,21,12,22,HH
B2D14,Thứ ba,3 ÷ 4,22,12,29,HH
B2D14,Thứ ba,3 ÷ 4,23,1,05,HH
B2D14,Thứ tư,3 ÷ 4,1,8,05,QC
B2D14,Thứ tư,3 ÷ 4,2,8,12,QC
B2D14,Thứ tư,3 ÷ 4,3,8,19,QC
B2D14,Thứ tư,3 ÷ 4,4,8,26,QC
B2D14,Thứ tư,3 ÷ 4,6,9,09,QC
B2D14,Thứ tư,3 ÷ 4,7,9,16,QC
B2D14,Thứ tư,3 ÷ 4,8,9,23,QC
B2D14,Thứ tư,3 ÷ 4,9,9,30,QC
B2D14,Thứ tư,3 ÷ 4,10,10,07,QC
B2D14,Thứ tư,3 ÷ 4,14,11,04,KT
B2D14,Thứ tư,3 ÷ 4,15,11,11,KT
B2D14,Thứ tư,3 ÷ 4,16,11,18,KT
B2D14,Thứ tư,3 ÷ 4,17,11,25,KT
B2D14,Thứ tư,3 ÷ 4,19,12,09,KT
B2D14,Thứ tư,3 ÷ 4,20,12,16,KT
B2D14,Thứ tư,3 ÷ 4,21,12,23,KT
B2D14,Thứ tư,3 ÷ 4,22,12,30,KT
B2D14,Thứ tư,3 ÷ 4,23,1,06,KT
B2D14,Thứ tư,7 ÷ 8,9,9,30,CĐ
B2D14,Thứ tư,7 ÷ 8,10,10,07,CĐ
B2D14,Thứ năm,3 ÷ 4,1,8,06,QC
B2D14,Thứ năm,3 ÷ 4,2,8,13,QC
B2D14,Thứ năm,3 ÷ 4,3,8,20,QC
B2D14,Thứ năm,3 ÷ 4,4,8,27,QC
B2D14,Thứ năm,3 ÷ 4,5,8,03,QC
B2D14,Thứ năm,3 ÷ 4,6,9,10,QC
B2D14,Thứ năm,3 ÷ 4,7,9,17,QC
B2D14,Thứ năm,3 ÷ 4,8,9,24,QC
B2D14,Thứ năm,3 ÷ 4,9,9,01,QC
B2D14,Thứ năm,3 ÷ 4,10,10,08,QC
B2D14,Thứ năm,3 ÷ 4,14,11,05,HH
B2D14,Thứ năm,3 ÷ 4,15,11,12,HH
B2D14,Thứ năm,3 ÷ 4,16,11,19,HH
B2D14,Thứ năm,3 ÷ 4,17,11,26,HH
B2D14,Thứ năm,3 ÷ 4,18,11,03,HH
B2D14,Thứ năm,3 ÷ 4,19,12,10,HH
B2D14,Thứ năm,3 ÷ 4,20,12,17,HH
B2D14,Thứ năm,3 ÷ 4,21,12,24,HH
B2D14,Thứ năm,3 ÷ 4,22,12,31,HH
B2D14,Thứ năm,3 ÷ 4,23,1,07,HH
B2D14,Thứ sáu,3 ÷ 4,1,8,07,TC
B2D14,Thứ sáu,3 ÷ 4,2,8,14,TC
B2D14,Thứ sáu,3 ÷ 4,3,8,21,TC
B2D14,Thứ sáu,3 ÷ 4,4,8,28,TC
B2D14,Thứ sáu,3 ÷ 4,5,8,04,TC
B2D14,Thứ sáu,3 ÷ 4,6,9,11,TC
B2D14,Thứ sáu,3 ÷ 4,7,9,18,TC
B2D14,Thứ sáu,3 ÷ 4,8,9,25,TC
B2D14,Thứ sáu,3 ÷ 4,14,11,06,ĐT
B2D14,Thứ sáu,3 ÷ 4,15,11,13,ĐT
B2D14,Thứ sáu,3 ÷ 4,16,11,20,ĐT
B2D14,Thứ sáu,3 ÷ 4,17,11,27,ĐT
B2D14,Thứ sáu,3 ÷ 4,18,11,04,ĐT
B2D14,Thứ sáu,3 ÷ 4,19,12,11,ĐT
B2D14,Thứ sáu,3 ÷ 4,20,12,18,ĐT
B3D14,Thứ hai,3 ÷ 4,1,8,03,TM
B3D14,Thứ hai,3 ÷ 4,2,8,10,TM
B3D14,Thứ hai,3 ÷ 4,3,8,17,TM
B3D14,Thứ hai,3 ÷ 4,4,8,24,TM
B3D14,Thứ hai,3 ÷ 4,5,8,31,TM
B3D14,Thứ hai,3 ÷ 4,6,9,07,TM
B3D14,Thứ hai,3 ÷ 4,7,9,14,TM
B3D14,Thứ hai,3 ÷ 4,8,9,21,TM
B3D14,Thứ hai,3 ÷ 4,9,9,28,TM
B3D14,Thứ hai,3 ÷ 4,10,10,05,TM
B3D14,Thứ hai,3 ÷ 4,14,11,02,TC
B3D14,Thứ hai,3 ÷ 4,15,11,09,TC
B3D14,Thứ hai,3 ÷ 4,16,11,16,TC
B3D14,Thứ hai,3 ÷ 4,17,11,23,TC
B3D14,Thứ hai,3 ÷ 4,18,11,30,TC
B3D14,Thứ hai,3 ÷ 4,19,12,07,TC
B3D14,Thứ hai,3 ÷ 4,20,12,14,TC
B3D14,Thứ hai,3 ÷ 4,21,12,21,TC
B3D14,Thứ hai,3 ÷ 4,22,12,28,TC
B3D14,Thứ hai,3 ÷ 4,23,1,04,TC
B3D14,Thứ hai,5 ÷ 7,1,8,03,AB
B3D14,Thứ hai,5 ÷ 7,2,8,10,AB
B3D14,Thứ hai,5 ÷ 7,3,8,17,AB
B3D14,Thứ hai,5 ÷ 7,4,8,24,AB
B3D14,Thứ hai,5 ÷ 7,5,8,31,AB
B3D14,Thứ hai,5 ÷ 7,6,9,07,AB
B3D14,Thứ hai,5 ÷ 7,7,9,14,AB
B3D14,Thứ hai,5 ÷ 7,8,9,21,AB
B3D14,Thứ hai,5 ÷ 7,9,9,28,AB
B3D14,Thứ hai,5 ÷ 7,10,10,05,AB
B3D14,Thứ hai,5 ÷ 7,14,11,02,AB
B3D14,Thứ hai,5 ÷ 7,15,11,09,AB
B3D14,Thứ hai,5 ÷ 7,16,11,16,AB
B3D14,Thứ hai,5 ÷ 7,17,11,23,AB
B3D14,Thứ hai,5 ÷ 7,18,11,30,AB
B3D14,Thứ hai,5 ÷ 7,19,12,07,AB
B3D14,Thứ hai,5 ÷ 7,20,12,14,AB
B3D14,Thứ hai,5 ÷ 7,21,12,21,AB
B3D14,Thứ ba,3 ÷ 4,6,9,08,2LT
B3D14,Thứ ba,3 ÷ 4,7,9,15,2LT
B3D14,Thứ ba,3 ÷ 4,8,9,22,2LT
B3D14,Thứ ba,3 ÷ 4,9,9,29,2LT
B3D14,Thứ ba,3 ÷ 4,10,10,06,2LT
B3D14,Thứ ba,3 ÷ 4,14,11,03,CB
B3D14,Thứ ba,3 ÷ 4,15,11,10,CB
B3D14,Thứ ba,3 ÷ 4,16,11,17,CB
B3D14,Thứ ba,3 ÷ 4,18,11,01,CB
B3D14,Thứ ba,3 ÷ 4,19,12,08,CB
B3D14,Thứ ba,3 ÷ 4,20,12,15,CB
B3D14,Thứ ba,3 ÷ 4,21,12,22,CB
B3D14,Thứ ba,3 ÷ 4,22,12,29,CB
B3D14,Thứ ba,3 ÷ 4,23,1,05,CB
B3D14,Thứ tư,3 ÷ 4,1,8,05,CN
B3D14,Thứ tư,3 ÷ 4,2,8,12,CN
B3D14,Thứ tư,3 ÷ 4,3,8,19,CN
B3D14,Thứ tư,3 ÷ 4,4,8,26,CN
B3D14,Thứ tư,3 ÷ 4,6,9,09,CN
B3D14,Thứ tư,3 ÷ 4,7,9,16,CN
B3D14,Thứ tư,3 ÷ 4,8,9,23,CN
B3D14,Thứ tư,3 ÷ 4,9,9,30,CN
B3D14,Thứ tư,3 ÷ 4,10,10,07,CN
B3D14,Thứ tư,3 ÷ 4,14,11,04,XD
B3D14,Thứ tư,3 ÷ 4,15,11,11,XD
B3D14,Thứ tư,3 ÷ 4,16,11,18,XD
B3D14,Thứ tư,3 ÷ 4,17,11,25,LT
B3D14,Thứ tư,3 ÷ 4,18,11,02,LT
B3D14,Thứ tư,3 ÷ 4,19,12,09,LT
B3D14,Thứ tư,3 ÷ 4,20,12,16,XD
B3D14,Thứ tư,3 ÷ 4,21,12,23,XD
B3D14,Thứ tư,3 ÷ 4,22,12,30,XD
B3D14,Thứ năm,3 ÷ 4,2,8,13,LT
B3D14,Thứ năm,3 ÷ 4,3,8,20,LT
B3D14,Thứ năm,3 ÷ 4,5,8,03,2LT
B3D14,Thứ năm,3 ÷ 4,6,9,10,2LT
B3D14,Thứ năm,3 ÷ 4,7,9,17,2LT
B3D14,Thứ năm,3 ÷ 4,8,9,24,2LT
B3D14,Thứ năm,3 ÷ 4,9,9,01,2LT
B3D14,Thứ năm,3 ÷ 4,10,10,08,2LT
B3D14,Thứ năm,3 ÷ 4,14,11,05,CB
B3D14,Thứ năm,3 ÷ 4,15,11,12,CB
B3D14,Thứ năm,3 ÷ 4,16,11,19,CB
B3D14,Thứ năm,3 ÷ 4,17,11,26,CB
B3D14,Thứ năm,3 ÷ 4,18,11,03,CB
B3D14,Thứ năm,3 ÷ 4,19,12,10,CB
B3D14,Thứ năm,3 ÷ 4,20,12,17,CB
B3D14,Thứ năm,3 ÷ 4,21,12,24,CB
B3D14,Thứ năm,3 ÷ 4,22,12,31,CB
B3D14,Thứ năm,3 ÷ 4,23,1,07,CB
B3D14,Thứ sáu,3 ÷ 4,1,8,07,TM
B3D14,Thứ sáu,3 ÷ 4,2,8,14,TM
B3D14,Thứ sáu,3 ÷ 4,3,8,21,TM
B3D14,Thứ sáu,3 ÷ 4,4,8,28,TM
B3D14,Thứ sáu,3 ÷ 4,5,8,04,TM
B3D14,Thứ sáu,3 ÷ 4,6,9,11,TM
B3D14,Thứ sáu,3 ÷ 4,14,11,06,XD
B3D14,Thứ sáu,3 ÷ 4,15,11,13,XD
B3D14,Thứ sáu,3 ÷ 4,16,11,20,LT
B3D14,Thứ sáu,3 ÷ 4,17,11,27,LT
B3D14,Thứ sáu,3 ÷ 4,18,11,04,LT
B3D14,Thứ sáu,3 ÷ 4,20,12,18,XD
B3D14,Thứ sáu,3 ÷ 4,21,12,25,XD
B4D14,Thứ hai,3 ÷ 4,1,8,03,NM
B4D14,Thứ hai,3 ÷ 4,2,8,10,NM
B4D14,Thứ hai,3 ÷ 4,3,8,17,NM
B4D14,Thứ hai,3 ÷ 4,4,8,24,NM
B4D14,Thứ hai,3 ÷ 4,5,8,31,NM
B4D14,Thứ hai,3 ÷ 4,6,9,07,NM
B4D14,Thứ hai,3 ÷ 4,7,9,14,NM
B4D14,Thứ hai,3 ÷ 4,8,9,21,NM
B4D14,Thứ hai,3 ÷ 4,9,9,28,NM
B4D14,Thứ hai,3 ÷ 4,10,10,05,NM
B4D14,Thứ hai,3 ÷ 4,14,11,02,VC
B4D14,Thứ hai,3 ÷ 4,15,11,09,VC
B4D14,Thứ hai,3 ÷ 4,16,11,16,VC
B4D14,Thứ hai,3 ÷ 4,17,11,23,VC
B4D14,Thứ hai,3 ÷ 4,18,11,30,VC
B4D14,Thứ hai,3 ÷ 4,19,12,07,VC
B4D14,Thứ hai,3 ÷ 4,20,12,14,VT
B4D14,Thứ hai,3 ÷ 4,21,12,21,VT
B4D14,Thứ hai,3 ÷ 4,22,12,28,VT
B4D14,Thứ hai,3 ÷ 4,23,1,04,VT
B4D14,Thứ ba,3 ÷ 4,6,9,08,LT
B4D14,Thứ ba,3 ÷ 4,7,9,15,LT
B4D14,Thứ ba,3 ÷ 4,8,9,22,LT
B4D14,Thứ ba,3 ÷ 4,9,9,29,LT
B4D14,Thứ ba,3 ÷ 4,10,10,06,LT
B4D14,Thứ ba,3 ÷ 4,14,11,03,QL
B4D14,Thứ ba,3 ÷ 4,15,11,10,QL
B4D14,Thứ ba,3 ÷ 4,16,11,17,QL
B4D14,Thứ ba,3 ÷ 4,18,11,01,QL
B4D14,Thứ ba,3 ÷ 4,19,12,08,QL
B4D14,Thứ ba,3 ÷ 4,20,12,15,VT
B4D14,Thứ ba,3 ÷ 4,21,12,22,VT
B4D14,Thứ ba,3 ÷ 4,22,12,29,VT
B4D14,Thứ ba,3 ÷ 4,23,1,05,VT
B4D14,Thứ tư,3 ÷ 4,1,8,05,CN
B4D14,Thứ tư,3 ÷ 4,2,8,12,CN
B4D14,Thứ tư,3 ÷ 4,3,8,19,CN
B4D14,Thứ tư,3 ÷ 4,4,8,26,CN
B4D14,Thứ tư,3 ÷ 4,6,9,09,CN
B4D14,Thứ tư,3 ÷ 4,7,9,16,CN
B4D14,Thứ tư,3 ÷ 4,8,9,23,CN
B4D14,Thứ tư,3 ÷ 4,9,9,30,CN
B4D14,Thứ tư,3 ÷ 4,10,10,07,CN
B4D14,Thứ tư,3 ÷ 4,20,12,16,VT
B4D14,Thứ tư,3 ÷ 4,21,12,23,VT
B4D14,Thứ tư,3 ÷ 4,22,12,30,VT
B4D14,Thứ tư,3 ÷ 4,23,1,06,VT
B4D14,Thứ năm,3 ÷ 4,5,8,03,LT
B4D14,Thứ năm,3 ÷ 4,6,9,10,LT
B4D14,Thứ năm,3 ÷ 4,7,9,17,LT
B4D14,Thứ năm,3 ÷ 4,8,9,24,LT
B4D14,Thứ năm,3 ÷ 4,9,9,01,LT
B4D14,Thứ năm,3 ÷ 4,10,10,08,LT
B4D14,Thứ năm,3 ÷ 4,14,11,05,TP
B4D14,Thứ năm,3 ÷ 4,15,11,12,TP
B4D14,Thứ năm,3 ÷ 4,16,11,19,TP
B4D14,Thứ năm,3 ÷ 4,17,11,26,TP
B4D14,Thứ năm,3 ÷ 4,18,11,03,TP
B4D14,Thứ năm,3 ÷ 4,19,12,10,TP
B4D14,Thứ năm,3 ÷ 4,20,12,17,VT
B4D14,Thứ năm,3 ÷ 4,21,12,24,VT
B4D14,Thứ năm,3 ÷ 4,22,12,31,VT
B4D14,Thứ năm,3 ÷ 4,23,1,07,VT
B4D14,Thứ sáu,3 ÷ 4,1,8,07,NM
B4D14,Thứ sáu,3 ÷ 4,2,8,14,NM
B4D14,Thứ sáu,3 ÷ 4,3,8,21,NM
B4D14,Thứ sáu,3 ÷ 4,4,8,28,NM
B4D14,Thứ sáu,3 ÷ 4,5,8,04,NM
B4D14,Thứ sáu,3 ÷ 4,6,9,11,NM
B4D14,Thứ sáu,3 ÷ 4,14,11,06,TP
B4D14,Thứ sáu,3 ÷ 4,15,11,13,TP
B4D14,Thứ sáu,3 ÷ 4,16,11,20,TP
B4D14,Thứ sáu,3 ÷ 4,17,11,27,TP
B4D14,Thứ sáu,3 ÷ 4,18,11,04,TP
B4D14,Thứ sáu,3 ÷ 4,19,12,11,TP
B4D14,Thứ sáu,3 ÷ 4,20,12,18,VT
B4D14,Thứ sáu,3 ÷ 4,21,12,25,VT
B4D14,Thứ sáu,3 ÷ 4,23,1,08,VT
B4D14,Thứ sáu,5 ÷ 7,19,12,11,VT
B4D14,Thứ sáu,5 ÷ 7,20,12,18,VT
B4D14,Thứ sáu,5 ÷ 7,21,12,25,VT
B4D14,Thứ sáu,5 ÷ 7,23,1,08,VT
B5D14,Thứ hai,3 ÷ 4,1,8,03,HQ
B5D14,Thứ hai,3 ÷ 4,2,8,10,HQ
B5D14,Thứ hai,3 ÷ 4,3,8,17,HQ
B5D14,Thứ hai,3 ÷ 4,4,8,24,HQ
B5D14,Thứ hai,3 ÷ 4,5,8,31,HQ
B5D14,Thứ hai,3 ÷ 4,6,9,07,HQ
B5D14,Thứ hai,3 ÷ 4,7,9,14,HQ
B5D14,Thứ hai,3 ÷ 4,8,9,21,HQ
B5D14,Thứ hai,3 ÷ 4,9,9,28,HQ
B5D14,Thứ hai,3 ÷ 4,10,10,05,HQ
B5D14,Thứ hai,3 ÷ 4,14,11,02,PT
B5D14,Thứ hai,3 ÷ 4,15,11,09,PT
B5D14,Thứ hai,3 ÷ 4,16,11,16,PT
B5D14,Thứ hai,3 ÷ 4,17,11,23,PT
B5D14,Thứ hai,3 ÷ 4,18,11,30,PT
B5D14,Thứ hai,3 ÷ 4,19,12,07,PT
B5D14,Thứ hai,3 ÷ 4,20,12,14,PT
B5D14,Thứ hai,3 ÷ 4,21,12,21,PT
B5D14,Thứ hai,3 ÷ 4,22,12,28,PT
B5D14,Thứ hai,7 ÷ 8,2,8,10,TC
B5D14,Thứ hai,7 ÷ 8,3,8,17,TC
B5D14,Thứ hai,7 ÷ 8,4,8,24,TC
B5D14,Thứ hai,7 ÷ 8,5,8,31,TC
B5D14,Thứ hai,7 ÷ 8,6,9,07,TC
B5D14,Thứ hai,7 ÷ 8,7,9,14,TC
B5D14,Thứ hai,7 ÷ 8,8,9,21,TC
B5D14,Thứ hai,7 ÷ 8,9,9,28,TC
B5D14,Thứ hai,7 ÷ 8,10,10,05,TC
B5D14,Thứ hai,7 ÷ 8,11,10,12,TC
B5D14,Thứ hai,7 ÷ 8,12,10,19,TC
B5D14,Thứ ba,3 ÷ 4,10,10,06,XS
B5D14,Thứ ba,3 ÷ 4,14,11,03,CB
B5D14,Thứ ba,3 ÷ 4,15,11,10,CB
B5D14,Thứ ba,3 ÷ 4,16,11,17,CB
B5D14,Thứ ba,3 ÷ 4,18,11,01,CB
B5D14,Thứ ba,3 ÷ 4,19,12,08,CB
B5D14,Thứ ba,3 ÷ 4,20,12,15,CB
B5D14,Thứ ba,3 ÷ 4,21,12,22,CB
B5D14,Thứ ba,3 ÷ 4,22,12,29,CB
B5D14,Thứ ba,3 ÷ 4,23,1,05,CB
B5D14,Thứ ba,7 ÷ 8,1,8,04,AB
B5D14,Thứ ba,7 ÷ 8,2,8,11,AB
B5D14,Thứ ba,7 ÷ 8,3,8,18,AB
B5D14,Thứ ba,7 ÷ 8,4,8,25,AB
B5D14,Thứ ba,7 ÷ 8,6,9,08,AB
B5D14,Thứ ba,7 ÷ 8,7,9,15,AB
B5D14,Thứ ba,7 ÷ 8,8,9,22,AB
B5D14,Thứ ba,7 ÷ 8,9,9,29,AB
B5D14,Thứ ba,7 ÷ 8,10,10,06,AB
B5D14,Thứ ba,7 ÷ 8,14,11,03,AB
B5D14,Thứ ba,7 ÷ 8,15,11,10,AB
B5D14,Thứ ba,7 ÷ 8,16,11,17,AB
B5D14,Thứ tư,3 ÷ 4,14,11,04,VT
B5D14,Thứ tư,3 ÷ 4,15,11,11,VT
B5D14,Thứ tư,3 ÷ 4,16,11,18,VT
B5D14,Thứ tư,3 ÷ 4,17,11,25,VT
B5D14,Thứ tư,3 ÷ 4,18,11,02,VT
B5D14,Thứ tư,3 ÷ 4,19,12,09,VT
B5D14,Thứ tư,3 ÷ 4,20,12,16,VT
B5D14,Thứ tư,3 ÷ 4,21,12,23,VT
B5D14,Thứ tư,3 ÷ 4,22,12,30,VT
B5D14,Thứ tư,3 ÷ 4,23,1,06,VT
B5D14,Thứ tư,7 ÷ 8,2,8,12,TC
B5D14,Thứ tư,7 ÷ 8,3,8,19,TC
B5D14,Thứ tư,7 ÷ 8,4,8,26,TC
B5D14,Thứ tư,7 ÷ 8,6,9,09,TC
B5D14,Thứ tư,7 ÷ 8,7,9,16,TC
B5D14,Thứ tư,7 ÷ 8,8,9,23,TC
B5D14,Thứ tư,7 ÷ 8,9,9,30,TC
B5D14,Thứ tư,7 ÷ 8,10,10,07,TC
B5D14,Thứ tư,7 ÷ 8,11,10,14,TC
B5D14,Thứ tư,7 ÷ 8,12,10,21,TC
B5D14,Thứ năm,3 ÷ 4,10,10,08,XS
B5D14,Thứ năm,3 ÷ 4,14,11,05,CB
B5D14,Thứ năm,3 ÷ 4,15,11,12,CB
B5D14,Thứ năm,3 ÷ 4,16,11,19,CB
B5D14,Thứ năm,3 ÷ 4,17,11,26,CB
B5D14,Thứ năm,3 ÷ 4,18,11,03,CB
B5D14,Thứ năm,3 ÷ 4,19,12,10,CB
B5D14,Thứ năm,3 ÷ 4,20,12,17,CB
B5D14,Thứ năm,3 ÷ 4,21,12,24,CB
B5D14,Thứ năm,3 ÷ 4,22,12,31,CB
B5D14,Thứ năm,3 ÷ 4,23,1,07,CB
B5D14,Thứ năm,7 ÷ 8,1,8,06,AB
B5D14,Thứ năm,7 ÷ 8,2,8,13,AB
B5D14,Thứ năm,7 ÷ 8,3,8,20,AB
B5D14,Thứ năm,7 ÷ 8,4,8,27,AB
B5D14,Thứ năm,7 ÷ 8,5,8,03,AB
B5D14,Thứ năm,7 ÷ 8,6,9,10,AB
B5D14,Thứ năm,7 ÷ 8,7,9,17,AB
B5D14,Thứ năm,7 ÷ 8,8,9,24,AB
B5D14,Thứ năm,7 ÷ 8,9,9,01,AB
B5D14,Thứ năm,7 ÷ 8,10,10,08,AB
B5D14,Thứ năm,7 ÷ 8,14,11,05,AB
B5D14,Thứ năm,7 ÷ 8,15,11,12,AB
B5D14,Thứ năm,7 ÷ 8,16,11,19,AB
B5D14,Thứ sáu,3 ÷ 4,1,8,07,HQ
B5D14,Thứ sáu,3 ÷ 4,2,8,14,HQ
B5D14,Thứ sáu,3 ÷ 4,3,8,21,HQ
B5D14,Thứ sáu,3 ÷ 4,4,8,28,HQ
B5D14,Thứ sáu,3 ÷ 4,5,8,04,HQ
B5D14,Thứ sáu,3 ÷ 4,6,9,11,HQ
B5D14,Thứ sáu,3 ÷ 4,7,9,18,HQ
B5D14,Thứ sáu,3 ÷ 4,8,9,25,HQ
B5D14,Thứ sáu,3 ÷ 4,9,9,02,HQ
B5D14,Thứ sáu,3 ÷ 4,10,10,09,HQ
B5D14,Thứ sáu,3 ÷ 4,15,11,13,KH
B5D14,Thứ sáu,3 ÷ 4,16,11,20,KH
B5D14,Thứ sáu,3 ÷ 4,17,11,27,KH
B5D14,Thứ sáu,3 ÷ 4,18,11,04,KH
B5D14,Thứ sáu,3 ÷ 4,19,12,11,KH
B5D14,Thứ sáu,3 ÷ 4,20,12,18,KH
B5D14,Thứ sáu,3 ÷ 4,21,12,25,VT
B5D14,Thứ sáu,3 ÷ 4,23,1,08,VT
B5D14,Thứ sáu,7 ÷ 8,2,8,14,TC
B5D14,Thứ sáu,7 ÷ 8,3,8,21,TC
B5D14,Thứ sáu,7 ÷ 8,4,8,28,TC
B5D14,Thứ sáu,7 ÷ 8,5,8,04,TC
B5D14,Thứ sáu,7 ÷ 8,6,9,11,TC
B5D14,Thứ sáu,7 ÷ 8,7,9,18,TC
B5D14,Thứ sáu,7 ÷ 8,8,9,25,TC
B5D14,Thứ sáu,7 ÷ 8,9,9,02,TC
B5D14,Thứ sáu,7 ÷ 8,10,10,09,TC
B5D14,Thứ sáu,7 ÷ 8,11,10,16,TC
B6D14,Thứ hai,3 ÷ 4,1,8,03,HQ
B6D14,Thứ hai,3 ÷ 4,2,8,10,HQ
B6D14,Thứ hai,3 ÷ 4,3,8,17,HQ
B6D14,Thứ hai,3 ÷ 4,4,8,24,HQ
B6D14,Thứ hai,3 ÷ 4,5,8,31,HQ
B6D14,Thứ hai,3 ÷ 4,6,9,07,HQ
B6D14,Thứ hai,3 ÷ 4,7,9,14,HQ
B6D14,Thứ hai,3 ÷ 4,8,9,21,HQ
B6D14,Thứ hai,3 ÷ 4,9,9,28,HQ
B6D14,Thứ hai,3 ÷ 4,10,10,05,HQ
B6D14,Thứ hai,3 ÷ 4,14,11,02,PT
B6D14,Thứ hai,3 ÷ 4,15,11,09,PT
B6D14,Thứ hai,3 ÷ 4,16,11,16,PT
B6D14,Thứ hai,3 ÷ 4,17,11,23,PT
B6D14,Thứ hai,3 ÷ 4,18,11,30,PT
B6D14,Thứ hai,3 ÷ 4,19,12,07,PT
B6D14,Thứ hai,3 ÷ 4,20,12,14,PT
B6D14,Thứ hai,3 ÷ 4,21,12,21,PT
B6D14,Thứ hai,3 ÷ 4,22,12,28,PT
B6D14,Thứ hai,7 ÷ 8,2,8,10,TC
B6D14,Thứ hai,7 ÷ 8,3,8,17,TC
B6D14,Thứ hai,7 ÷ 8,4,8,24,TC
B6D14,Thứ hai,7 ÷ 8,5,8,31,TC
B6D14,Thứ hai,7 ÷ 8,6,9,07,TC
B6D14,Thứ hai,7 ÷ 8,7,9,14,TC
B6D14,Thứ hai,7 ÷ 8,8,9,21,TC
B6D14,Thứ hai,7 ÷ 8,9,9,28,TC
B6D14,Thứ hai,7 ÷ 8,10,10,05,TC
B6D14,Thứ hai,7 ÷ 8,11,10,12,TC
B6D14,Thứ hai,7 ÷ 8,12,10,19,TC
B6D14,Thứ ba,3 ÷ 4,10,10,06,XS
B6D14,Thứ ba,3 ÷ 4,14,11,03,CB
B6D14,Thứ ba,3 ÷ 4,15,11,10,CB
B6D14,Thứ ba,3 ÷ 4,16,11,17,CB
B6D14,Thứ ba,3 ÷ 4,18,11,01,CB
B6D14,Thứ ba,3 ÷ 4,19,12,08,CB
B6D14,Thứ ba,3 ÷ 4,20,12,15,CB
B6D14,Thứ ba,3 ÷ 4,21,12,22,CB
B6D14,Thứ ba,3 ÷ 4,22,12,29,CB
B6D14,Thứ ba,3 ÷ 4,23,1,05,CB
B6D14,Thứ tư,3 ÷ 4,14,11,04,VT
B6D14,Thứ tư,3 ÷ 4,15,11,11,VT
B6D14,Thứ tư,3 ÷ 4,16,11,18,VT
B6D14,Thứ tư,3 ÷ 4,17,11,25,VT
B6D14,Thứ tư,3 ÷ 4,18,11,02,VT
B6D14,Thứ tư,3 ÷ 4,19,12,09,VT
B6D14,Thứ tư,3 ÷ 4,20,12,16,VT
B6D14,Thứ tư,3 ÷ 4,21,12,23,VT
B6D14,Thứ tư,3 ÷ 4,22,12,30,VT
B6D14,Thứ tư,3 ÷ 4,23,1,06,VT
B6D14,Thứ tư,7 ÷ 8,2,8,12,TC
B6D14,Thứ tư,7 ÷ 8,3,8,19,TC
B6D14,Thứ tư,7 ÷ 8,4,8,26,TC
B6D14,Thứ tư,7 ÷ 8,6,9,09,TC
B6D14,Thứ tư,7 ÷ 8,7,9,16,TC
B6D14,Thứ tư,7 ÷ 8,8,9,23,TC
B6D14,Thứ tư,7 ÷ 8,9,9,30,TC
B6D14,Thứ tư,7 ÷ 8,10,10,07,TC
B6D14,Thứ tư,7 ÷ 8,11,10,14,TC
B6D14,Thứ tư,7 ÷ 8,12,10,21,TC
B6D14,Thứ năm,3 ÷ 4,10,10,08,XS
B6D14,Thứ năm,3 ÷ 4,14,11,05,CB
B6D14,Thứ năm,3 ÷ 4,15,11,12,CB
B6D14,Thứ năm,3 ÷ 4,16,11,19,CB
B6D14,Thứ năm,3 ÷ 4,17,11,26,CB
B6D14,Thứ năm,3 ÷ 4,18,11,03,CB
B6D14,Thứ năm,3 ÷ 4,19,12,10,CB
B6D14,Thứ năm,3 ÷ 4,20,12,17,CB
B6D14,Thứ năm,3 ÷ 4,21,12,24,CB
B6D14,Thứ năm,3 ÷ 4,22,12,31,CB
B6D14,Thứ năm,3 ÷ 4,23,1,07,CB
B6D14,Thứ sáu,3 ÷ 4,1,8,07,HQ
B6D14,Thứ sáu,3 ÷ 4,2,8,14,HQ
B6D14,Thứ sáu,3 ÷ 4,3,8,21,HQ
B6D14,Thứ sáu,3 ÷ 4,4,8,28,HQ
B6D14,Thứ sáu,3 ÷ 4,5,8,04,HQ
B6D14,Thứ sáu,3 ÷ 4,6,9,11,HQ
B6D14,Thứ sáu,3 ÷ 4,7,9,18,HQ
B6D14,Thứ sáu,3 ÷ 4,8,9,25,HQ
B6D14,Thứ sáu,3 ÷ 4,9,9,02,HQ
B6D14,Thứ sáu,3 ÷ 4,10,10,09,HQ
B6D14,Thứ sáu,3 ÷ 4,15,11,13,KH
B6D14,Thứ sáu,3 ÷ 4,16,11,20,KH
B6D14,Thứ sáu,3 ÷ 4,17,11,27,KH
B6D14,Thứ sáu,3 ÷ 4,18,11,04,KH
B6D14,Thứ sáu,3 ÷ 4,19,12,11,KH
B6D14,Thứ sáu,3 ÷ 4,20,12,18,KH
B6D14,Thứ sáu,3 ÷ 4,21,12,25,VT
B6D14,Thứ sáu,3 ÷ 4,23,1,08,VT
B6D14,Thứ sáu,5 ÷ 7,2,8,14,TC
B6D14,Thứ sáu,5 ÷ 7,3,8,21,TC
B6D14,Thứ sáu,5 ÷ 7,4,8,28,TC
B6D14,Thứ sáu,5 ÷ 7,5,8,04,TC
B6D14,Thứ sáu,5 ÷ 7,6,9,11,TC
B6D14,Thứ sáu,5 ÷ 7,7,9,18,TC
B6D14,Thứ sáu,5 ÷ 7,8,9,25,TC
B6D14,Thứ sáu,5 ÷ 7,9,9,02,TC
B6D14,Thứ sáu,5 ÷ 7,10,10,09,TC
B6D14,Thứ sáu,5 ÷ 7,11,10,16,TC
B1D15,Thứ hai,3 ÷ 4,1,8,03,LT
B1D15,Thứ hai,3 ÷ 4,2,8,10,LT
B1D15,Thứ hai,3 ÷ 4,3,8,17,LT
B1D15,Thứ hai,3 ÷ 4,4,8,24,LT
B1D15,Thứ hai,3 ÷ 4,5,8,31,LT
B1D15,Thứ hai,3 ÷ 4,6,9,07,LT
B1D15,Thứ hai,3 ÷ 4,7,9,14,LT
B1D15,Thứ hai,3 ÷ 4,8,9,21,LT
B1D15,Thứ hai,3 ÷ 4,9,9,28,LT
B1D15,Thứ hai,3 ÷ 4,10,10,05,LT
B1D15,Thứ hai,3 ÷ 4,14,11,02,MT
B1D15,Thứ hai,3 ÷ 4,15,11,09,MT
B1D15,Thứ hai,3 ÷ 4,16,11,16,MT
B1D15,Thứ hai,3 ÷ 4,17,11,23,MT
B1D15,Thứ hai,3 ÷ 4,18,11,30,MT
B1D15,Thứ hai,3 ÷ 4,19,12,07,MT
B1D15,Thứ hai,3 ÷ 4,20,12,14,MT
B1D15,Thứ hai,3 ÷ 4,21,12,21,MT
B1D15,Thứ hai,3 ÷ 4,22,12,28,MT
B1D15,Thứ hai,3 ÷ 4,23,1,04,MT
B1D15,Thứ ba,3 ÷ 4,1,8,04,KT
B1D15,Thứ ba,3 ÷ 4,2,8,11,KT
B1D15,Thứ ba,3 ÷ 4,3,8,18,KT
B1D15,Thứ ba,3 ÷ 4,4,8,25,KT
B1D15,Thứ ba,3 ÷ 4,6,9,08,KT
B1D15,Thứ ba,3 ÷ 4,7,9,15,KT
B1D15,Thứ ba,3 ÷ 4,8,9,22,KT
B1D15,Thứ ba,3 ÷ 4,9,9,29,KT
B1D15,Thứ ba,3 ÷ 4,10,10,06,KT
B1D15,Thứ ba,3 ÷ 4,14,11,03,LH
B1D15,Thứ ba,3 ÷ 4,15,11,10,LH
B1D15,Thứ ba,3 ÷ 4,16,11,17,LH
B1D15,Thứ ba,3 ÷ 4,18,11,01,LH
B1D15,Thứ ba,3 ÷ 4,19,12,08,LH
B1D15,Thứ ba,3 ÷ 4,20,12,15,LH
B1D15,Thứ ba,3 ÷ 4,21,12,22,LH
B1D15,Thứ ba,3 ÷ 4,22,12,29,LH
B1D15,Thứ ba,3 ÷ 4,23,1,05,LH
B1D15,Thứ tư,3 ÷ 4,1,8,05,ĐT
B1D15,Thứ tư,3 ÷ 4,2,8,12,ĐT
B1D15,Thứ tư,3 ÷ 4,3,8,19,ĐT
B1D15,Thứ tư,3 ÷ 4,4,8,26,ĐT
B1D15,Thứ tư,3 ÷ 4,6,9,09,ĐT
B1D15,Thứ tư,3 ÷ 4,7,9,16,ĐT
B1D15,Thứ tư,3 ÷ 4,8,9,23,ĐT
B1D15,Thứ tư,3 ÷ 4,9,9,30,ĐT
B1D15,Thứ tư,3 ÷ 4,10,10,07,ĐT
B1D15,Thứ tư,3 ÷ 4,14,11,04,MT
B1D15,Thứ tư,3 ÷ 4,15,11,11,MT
B1D15,Thứ tư,3 ÷ 4,16,11,18,MT
B1D15,Thứ tư,3 ÷ 4,17,11,25,MT
B1D15,Thứ tư,3 ÷ 4,19,12,09,MT
B1D15,Thứ tư,3 ÷ 4,20,12,16,MT
B1D15,Thứ tư,3 ÷ 4,21,12,23,MT
B1D15,Thứ tư,3 ÷ 4,22,12,30,MT
B1D15,Thứ tư,3 ÷ 4,23,1,06,PT
B1D15,Thứ năm,3 ÷ 4,1,8,06,CS
B1D15,Thứ năm,3 ÷ 4,2,8,13,CS
B1D15,Thứ năm,3 ÷ 4,3,8,20,CS
B1D15,Thứ năm,3 ÷ 4,4,8,27,CS
B1D15,Thứ năm,3 ÷ 4,5,8,03,CS
B1D15,Thứ năm,3 ÷ 4,6,9,10,CS
B1D15,Thứ năm,3 ÷ 4,7,9,17,CS
B1D15,Thứ năm,3 ÷ 4,8,9,24,CS
B1D15,Thứ năm,3 ÷ 4,9,9,01,CS
B1D15,Thứ năm,3 ÷ 4,10,10,08,CS
B1D15,Thứ năm,3 ÷ 4,14,11,05,QL
B1D15,Thứ năm,3 ÷ 4,15,11,12,QL
B1D15,Thứ năm,3 ÷ 4,16,11,19,QL
B1D15,Thứ năm,3 ÷ 4,17,11,26,QL
B1D15,Thứ năm,3 ÷ 4,18,11,03,QL
B1D15,Thứ năm,3 ÷ 4,19,12,10,QL
B1D15,Thứ năm,3 ÷ 4,20,12,17,QL
B1D15,Thứ năm,3 ÷ 4,21,12,24,QL
B1D15,Thứ năm,3 ÷ 4,22,12,31,QL
B1D15,Thứ năm,3 ÷ 4,23,1,07,QL
B1D15,Thứ năm,8,23,1,07,PT
B1D15,Thứ sáu,3 ÷ 4,1,8,07,LT
B1D15,Thứ sáu,3 ÷ 4,2,8,14,LT
B1D15,Thứ sáu,3 ÷ 4,3,8,21,LT
B1D15,Thứ sáu,3 ÷ 4,4,8,28,LT
B1D15,Thứ sáu,3 ÷ 4,5,8,04,LT
B1D15,Thứ sáu,3 ÷ 4,6,9,11,LT
B1D15,Thứ sáu,3 ÷ 4,7,9,18,LT
B1D15,Thứ sáu,3 ÷ 4,8,9,25,LT
B1D15,Thứ sáu,3 ÷ 4,9,9,02,LT
B1D15,Thứ sáu,3 ÷ 4,10,10,09,LT
B1D15,Thứ sáu,3 ÷ 4,14,11,06,QL
B1D15,Thứ sáu,3 ÷ 4,15,11,13,QL
B1D15,Thứ sáu,3 ÷ 4,16,11,20,QL
B1D15,Thứ sáu,3 ÷ 4,17,11,27,QL
B1D15,Thứ sáu,3 ÷ 4,18,11,04,QL
B1D15,Thứ sáu,3 ÷ 4,19,12,11,QL
B1D15,Thứ sáu,3 ÷ 4,20,12,18,QL
B1D15,Thứ sáu,3 ÷ 4,21,12,25,QL
B1D15,Thứ sáu,3 ÷ 4,23,1,08,QL
B2D15,Thứ hai,3 ÷ 4,1,8,03,NL
B2D15,Thứ hai,3 ÷ 4,2,8,10,NL
B2D15,Thứ hai,3 ÷ 4,3,8,17,NL
B2D15,Thứ hai,3 ÷ 4,4,8,24,NL
B2D15,Thứ hai,3 ÷ 4,5,8,31,NL
B2D15,Thứ hai,3 ÷ 4,6,9,07,NL
B2D15,Thứ hai,3 ÷ 4,7,9,14,NL
B2D15,Thứ hai,3 ÷ 4,8,9,21,NL
B2D15,Thứ hai,3 ÷ 4,9,9,28,NL
B2D15,Thứ hai,3 ÷ 4,10,10,05,NL
B2D15,Thứ hai,3 ÷ 4,14,11,02,BĐ
B2D15,Thứ hai,3 ÷ 4,15,11,09,BĐ
B2D15,Thứ hai,3 ÷ 4,16,11,16,BĐ
B2D15,Thứ hai,3 ÷ 4,17,11,23,BĐ
B2D15,Thứ hai,3 ÷ 4,18,11,30,BĐ
B2D15,Thứ hai,3 ÷ 4,19,12,07,BĐ
B2D15,Thứ hai,3 ÷ 4,20,12,14,BĐ
B2D15,Thứ hai,3 ÷ 4,21,12,21,BĐ
B2D15,Thứ hai,3 ÷ 4,22,12,28,BĐ
B2D15,Thứ hai,3 ÷ 4,23,1,04,BĐ
B2D15,Thứ ba,3 ÷ 4,1,8,04,NV
B2D15,Thứ ba,3 ÷ 4,2,8,11,NV
B2D15,Thứ ba,3 ÷ 4,3,8,18,NV
B2D15,Thứ ba,3 ÷ 4,4,8,25,NV
B2D15,Thứ ba,3 ÷ 4,6,9,08,NV
B2D15,Thứ ba,3 ÷ 4,7,9,15,NV
B2D15,Thứ ba,3 ÷ 4,8,9,22,NV
B2D15,Thứ ba,3 ÷ 4,9,9,29,NV
B2D15,Thứ ba,3 ÷ 4,10,10,06,NV
B2D15,Thứ ba,3 ÷ 4,14,11,03,LH
B2D15,Thứ ba,3 ÷ 4,15,11,10,LH
B2D15,Thứ ba,3 ÷ 4,16,11,17,LH
B2D15,Thứ ba,3 ÷ 4,18,11,01,LH
B2D15,Thứ ba,3 ÷ 4,19,12,08,LH
B2D15,Thứ ba,3 ÷ 4,20,12,15,LH
B2D15,Thứ ba,3 ÷ 4,21,12,22,LH
B2D15,Thứ ba,3 ÷ 4,22,12,29,LH
B2D15,Thứ ba,3 ÷ 4,23,1,05,LH
B2D15,Thứ tư,3 ÷ 4,1,8,05,ĐN
B2D15,Thứ tư,3 ÷ 4,2,8,12,ĐN
B2D15,Thứ tư,3 ÷ 4,3,8,19,ĐN
B2D15,Thứ tư,3 ÷ 4,4,8,26,ĐN
B2D15,Thứ tư,3 ÷ 4,6,9,09,ĐN
B2D15,Thứ tư,3 ÷ 4,7,9,16,ĐN
B2D15,Thứ tư,3 ÷ 4,8,9,23,ĐN
B2D15,Thứ tư,3 ÷ 4,9,9,30,ĐN
B2D15,Thứ tư,3 ÷ 4,10,10,07,ĐN
B2D15,Thứ tư,3 ÷ 4,14,11,04,BĐ
B2D15,Thứ tư,3 ÷ 4,15,11,11,BĐ
B2D15,Thứ tư,3 ÷ 4,16,11,18,BĐ
B2D15,Thứ tư,3 ÷ 4,17,11,25,BĐ
B2D15,Thứ tư,3 ÷ 4,19,12,09,BĐ
B2D15,Thứ tư,3 ÷ 4,20,12,16,BĐ
B2D15,Thứ tư,3 ÷ 4,21,12,23,BĐ
B2D15,Thứ tư,3 ÷ 4,22,12,30,BĐ
B2D15,Thứ tư,3 ÷ 4,23,1,06,TT
B2D15,Thứ năm,3 ÷ 4,1,8,06,TK
B2D15,Thứ năm,3 ÷ 4,2,8,13,TK
B2D15,Thứ năm,3 ÷ 4,3,8,20,TK
B2D15,Thứ năm,3 ÷ 4,4,8,27,TK
B2D15,Thứ năm,3 ÷ 4,5,8,03,TK
B2D15,Thứ năm,3 ÷ 4,6,9,10,TK
B2D15,Thứ năm,3 ÷ 4,7,9,17,TK
B2D15,Thứ năm,3 ÷ 4,8,9,24,TK
B2D15,Thứ năm,3 ÷ 4,9,9,01,TK
B2D15,Thứ năm,3 ÷ 4,10,10,08,TK
B2D15,Thứ năm,3 ÷ 4,14,11,05,QL
B2D15,Thứ năm,3 ÷ 4,15,11,12,QL
B2D15,Thứ năm,3 ÷ 4,16,11,19,QL
B2D15,Thứ năm,3 ÷ 4,17,11,26,QL
B2D15,Thứ năm,3 ÷ 4,18,11,03,QL
B2D15,Thứ năm,3 ÷ 4,19,12,10,QL
B2D15,Thứ năm,3 ÷ 4,20,12,17,QL
B2D15,Thứ năm,3 ÷ 4,21,12,24,QL
B2D15,Thứ năm,3 ÷ 4,22,12,31,QL
B2D15,Thứ năm,3 ÷ 4,23,1,07,QL
B2D15,Thứ sáu,3 ÷ 4,1,8,07,ĐN
B2D15,Thứ sáu,3 ÷ 4,2,8,14,ĐN
B2D15,Thứ sáu,3 ÷ 4,3,8,21,ĐN
B2D15,Thứ sáu,3 ÷ 4,4,8,28,ĐN
B2D15,Thứ sáu,3 ÷ 4,5,8,04,ĐN
B2D15,Thứ sáu,3 ÷ 4,6,9,11,ĐN
B2D15,Thứ sáu,3 ÷ 4,7,9,18,ĐN
B2D15,Thứ sáu,3 ÷ 4,8,9,25,ĐN
B2D15,Thứ sáu,3 ÷ 4,9,9,02,ĐN
B2D15,Thứ sáu,3 ÷ 4,10,10,09,ĐN
B2D15,Thứ sáu,3 ÷ 4,14,11,06,QL
B2D15,Thứ sáu,3 ÷ 4,15,11,13,QL
B2D15,Thứ sáu,3 ÷ 4,16,11,20,QL
B2D15,Thứ sáu,3 ÷ 4,17,11,27,QL
B2D15,Thứ sáu,3 ÷ 4,18,11,04,QL
B2D15,Thứ sáu,3 ÷ 4,19,12,11,QL
B2D15,Thứ sáu,3 ÷ 4,20,12,18,QL
B2D15,Thứ sáu,3 ÷ 4,21,12,25,QL
B2D15,Thứ sáu,3 ÷ 4,23,1,08,QL
B3D15,Thứ hai,3 ÷ 4,1,8,03,AH
B3D15,Thứ hai,3 ÷ 4,2,8,10,AH
B3D15,Thứ hai,3 ÷ 4,3,8,17,AH
B3D15,Thứ hai,3 ÷ 4,4,8,24,AH
B3D15,Thứ hai,3 ÷ 4,5,8,31,AH
B3D15,Thứ hai,3 ÷ 4,6,9,07,AH
B3D15,Thứ hai,3 ÷ 4,7,9,14,AH
B3D15,Thứ hai,3 ÷ 4,8,9,21,AH
B3D15,Thứ hai,3 ÷ 4,9,9,28,AH
B3D15,Thứ hai,3 ÷ 4,10,10,05,AH
B3D15,Thứ hai,3 ÷ 4,14,11,02,KT
B3D15,Thứ hai,3 ÷ 4,15,11,09,KT
B3D15,Thứ hai,3 ÷ 4,16,11,16,KT
B3D15,Thứ hai,3 ÷ 4,17,11,23,KT
B3D15,Thứ hai,3 ÷ 4,18,11,30,KT
B3D15,Thứ hai,3 ÷ 4,19,12,07,KT
B3D15,Thứ hai,3 ÷ 4,20,12,14,KT
B3D15,Thứ hai,3 ÷ 4,21,12,21,KT
B3D15,Thứ hai,3 ÷ 4,22,12,28,KT
B3D15,Thứ hai,3 ÷ 4,23,1,04,KT
B3D15,Thứ ba,3 ÷ 4,1,8,04,TH
B3D15,Thứ ba,3 ÷ 4,2,8,11,TH
B3D15,Thứ ba,3 ÷ 4,3,8,18,TH
B3D15,Thứ ba,3 ÷ 4,4,8,25,TH
B3D15,Thứ ba,3 ÷ 4,6,9,08,TH
B3D15,Thứ ba,3 ÷ 4,7,9,15,TH
B3D15,Thứ ba,3 ÷ 4,8,9,22,TH
B3D15,Thứ ba,3 ÷ 4,9,9,29,TH
B3D15,Thứ ba,3 ÷ 4,10,10,06,TH
B3D15,Thứ ba,3 ÷ 4,14,11,03,CT
B3D15,Thứ ba,3 ÷ 4,15,11,10,CT
B3D15,Thứ ba,3 ÷ 4,16,11,17,CT
B3D15,Thứ ba,3 ÷ 4,18,11,01,CT
B3D15,Thứ ba,3 ÷ 4,19,12,08,CT
B3D15,Thứ ba,3 ÷ 4,20,12,15,CT
B3D15,Thứ ba,3 ÷ 4,21,12,22,CT
B3D15,Thứ ba,3 ÷ 4,22,12,29,CT
B3D15,Thứ ba,3 ÷ 4,23,1,05,CT
B3D15,Thứ tư,3 ÷ 4,1,8,05,AH
B3D15,Thứ tư,3 ÷ 4,2,8,12,AH
B3D15,Thứ tư,3 ÷ 4,3,8,19,AH
B3D15,Thứ tư,3 ÷ 4,4,8,26,AH
B3D15,Thứ tư,3 ÷ 4,6,9,09,AH
B3D15,Thứ tư,3 ÷ 4,7,9,16,AH
B3D15,Thứ tư,3 ÷ 4,8,9,23,AH
B3D15,Thứ tư,3 ÷ 4,9,9,30,AH
B3D15,Thứ tư,3 ÷ 4,10,10,07,AH
B3D15,Thứ tư,3 ÷ 4,14,11,04,NP
B3D15,Thứ tư,3 ÷ 4,15,11,11,NP
B3D15,Thứ tư,3 ÷ 4,16,11,18,NP
B3D15,Thứ tư,3 ÷ 4,17,11,25,NP
B3D15,Thứ tư,3 ÷ 4,18,11,02,NP
B3D15,Thứ tư,3 ÷ 4,19,12,09,NP
B3D15,Thứ tư,3 ÷ 4,20,12,16,NP
B3D15,Thứ tư,3 ÷ 4,21,12,23,NP
B3D15,Thứ tư,3 ÷ 4,22,12,30,NP
B3D15,Thứ tư,3 ÷ 4,23,1,06,NP
B3D15,Thứ tư,5 ÷ 7,14,11,04,KT
B3D15,Thứ tư,5 ÷ 7,15,11,11,KT
B3D15,Thứ tư,5 ÷ 7,16,11,18,KT
B3D15,Thứ tư,5 ÷ 7,17,11,25,KT
B3D15,Thứ năm,3 ÷ 4,8,9,24,AH
B3D15,Thứ năm,3 ÷ 4,9,9,01,AH
B3D15,Thứ năm,3 ÷ 4,10,10,08,AH
B3D15,Thứ năm,3 ÷ 4,14,11,05,MM
B3D15,Thứ năm,3 ÷ 4,15,11,12,MM
B3D15,Thứ năm,3 ÷ 4,16,11,19,MM
B3D15,Thứ năm,3 ÷ 4,17,11,26,MM
B3D15,Thứ năm,3 ÷ 4,18,11,03,MM
B3D15,Thứ năm,3 ÷ 4,19,12,10,MM
B3D15,Thứ năm,3 ÷ 4,20,12,17,MM
B3D15,Thứ năm,3 ÷ 4,21,12,24,MM
B3D15,Thứ năm,3 ÷ 4,22,12,31,MM
B3D15,Thứ năm,3 ÷ 4,23,1,07,MM
B3D15,Thứ sáu,3 ÷ 4,1,8,07,TH
B3D15,Thứ sáu,3 ÷ 4,2,8,14,TH
B3D15,Thứ sáu,3 ÷ 4,3,8,21,TH
B3D15,Thứ sáu,3 ÷ 4,4,8,28,TH
B3D15,Thứ sáu,3 ÷ 4,6,9,11,TH
B3D15,Thứ sáu,3 ÷ 4,7,9,18,TH
B3D15,Thứ sáu,3 ÷ 4,8,9,25,TH
B3D15,Thứ sáu,3 ÷ 4,9,9,02,TH
B3D15,Thứ sáu,3 ÷ 4,10,10,09,TH
B3D15,Thứ sáu,3 ÷ 4,14,11,06,GT
B3D15,Thứ sáu,3 ÷ 4,15,11,13,GT
B3D15,Thứ sáu,3 ÷ 4,16,11,20,GT
B3D15,Thứ sáu,3 ÷ 4,17,11,27,GT
B3D15,Thứ sáu,3 ÷ 4,18,11,04,GT
B3D15,Thứ sáu,3 ÷ 4,19,12,11,GT
B3D15,Thứ sáu,3 ÷ 4,20,12,18,GT
B3D15,Thứ sáu,3 ÷ 4,21,12,25,GT
B3D15,Thứ sáu,3 ÷ 4,23,1,08,GT
B4D15,Thứ hai,3 ÷ 4,1,8,03,AH
B4D15,Thứ hai,3 ÷ 4,2,8,10,AH
B4D15,Thứ hai,3 ÷ 4,3,8,17,AH
B4D15,Thứ hai,3 ÷ 4,4,8,24,AH
B4D15,Thứ hai,3 ÷ 4,5,8,31,AH
B4D15,Thứ hai,3 ÷ 4,6,9,07,AH
B4D15,Thứ hai,3 ÷ 4,7,9,14,AH
B4D15,Thứ hai,3 ÷ 4,8,9,21,AH
B4D15,Thứ hai,3 ÷ 4,9,9,28,AH
B4D15,Thứ hai,3 ÷ 4,10,10,05,AH
B4D15,Thứ hai,3 ÷ 4,14,11,02,KT
B4D15,Thứ hai,3 ÷ 4,15,11,09,KT
B4D15,Thứ hai,3 ÷ 4,16,11,16,KT
B4D15,Thứ hai,3 ÷ 4,17,11,23,KT
B4D15,Thứ hai,3 ÷ 4,18,11,30,KT
B4D15,Thứ hai,3 ÷ 4,19,12,07,KT
B4D15,Thứ hai,3 ÷ 4,20,12,14,KT
B4D15,Thứ hai,3 ÷ 4,21,12,21,KT
B4D15,Thứ hai,3 ÷ 4,22,12,28,KT
B4D15,Thứ hai,3 ÷ 4,23,1,04,KT
B4D15,Thứ ba,3 ÷ 4,1,8,04,TH
B4D15,Thứ ba,3 ÷ 4,2,8,11,TH
B4D15,Thứ ba,3 ÷ 4,3,8,18,TH
B4D15,Thứ ba,3 ÷ 4,4,8,25,TH
B4D15,Thứ ba,3 ÷ 4,6,9,08,TH
B4D15,Thứ ba,3 ÷ 4,7,9,15,TH
B4D15,Thứ ba,3 ÷ 4,8,9,22,TH
B4D15,Thứ ba,3 ÷ 4,9,9,29,TH
B4D15,Thứ ba,3 ÷ 4,10,10,06,TH
B4D15,Thứ ba,3 ÷ 4,14,11,03,CT
B4D15,Thứ ba,3 ÷ 4,15,11,10,CT
B4D15,Thứ ba,3 ÷ 4,16,11,17,CT
B4D15,Thứ ba,3 ÷ 4,18,11,01,CT
B4D15,Thứ ba,3 ÷ 4,19,12,08,CT
B4D15,Thứ ba,3 ÷ 4,20,12,15,CT
B4D15,Thứ ba,3 ÷ 4,21,12,22,CT
B4D15,Thứ ba,3 ÷ 4,22,12,29,CT
B4D15,Thứ ba,3 ÷ 4,23,1,05,CT
B4D15,Thứ tư,3 ÷ 4,1,8,05,AH
B4D15,Thứ tư,3 ÷ 4,2,8,12,AH
B4D15,Thứ tư,3 ÷ 4,3,8,19,AH
B4D15,Thứ tư,3 ÷ 4,4,8,26,AH
B4D15,Thứ tư,3 ÷ 4,6,9,09,AH
B4D15,Thứ tư,3 ÷ 4,7,9,16,AH
B4D15,Thứ tư,3 ÷ 4,8,9,23,AH
B4D15,Thứ tư,3 ÷ 4,9,9,30,AH
B4D15,Thứ tư,3 ÷ 4,10,10,07,AH
B4D15,Thứ tư,3 ÷ 4,14,11,04,NP
B4D15,Thứ tư,3 ÷ 4,15,11,11,NP
B4D15,Thứ tư,3 ÷ 4,16,11,18,NP
B4D15,Thứ tư,3 ÷ 4,17,11,25,NP
B4D15,Thứ tư,3 ÷ 4,18,11,02,NP
B4D15,Thứ tư,3 ÷ 4,19,12,09,NP
B4D15,Thứ tư,3 ÷ 4,20,12,16,NP
B4D15,Thứ tư,3 ÷ 4,21,12,23,NP
B4D15,Thứ tư,3 ÷ 4,22,12,30,NP
B4D15,Thứ tư,3 ÷ 4,23,1,06,NP
B4D15,Thứ tư,5 ÷ 7,14,11,04,KT
B4D15,Thứ tư,5 ÷ 7,15,11,11,KT
B4D15,Thứ tư,5 ÷ 7,16,11,18,KT
B4D15,Thứ tư,5 ÷ 7,17,11,25,KT
B4D15,Thứ năm,3 ÷ 4,8,9,24,AH
B4D15,Thứ năm,3 ÷ 4,9,9,01,AH
B4D15,Thứ năm,3 ÷ 4,10,10,08,AH
B4D15,Thứ năm,3 ÷ 4,14,11,05,MM
B4D15,Thứ năm,3 ÷ 4,15,11,12,MM
B4D15,Thứ năm,3 ÷ 4,16,11,19,MM
B4D15,Thứ năm,3 ÷ 4,17,11,26,MM
B4D15,Thứ năm,3 ÷ 4,18,11,03,MM
B4D15,Thứ năm,3 ÷ 4,19,12,10,MM
B4D15,Thứ năm,3 ÷ 4,20,12,17,MM
B4D15,Thứ năm,3 ÷ 4,21,12,24,MM
B4D15,Thứ năm,3 ÷ 4,22,12,31,MM
B4D15,Thứ năm,3 ÷ 4,23,1,07,MM
B4D15,Thứ sáu,3 ÷ 4,1,8,07,TH
B4D15,Thứ sáu,3 ÷ 4,2,8,14,TH
B4D15,Thứ sáu,3 ÷ 4,3,8,21,TH
B4D15,Thứ sáu,3 ÷ 4,4,8,28,TH
B4D15,Thứ sáu,3 ÷ 4,6,9,11,TH
B4D15,Thứ sáu,3 ÷ 4,7,9,18,TH
B4D15,Thứ sáu,3 ÷ 4,8,9,25,TH
B4D15,Thứ sáu,3 ÷ 4,9,9,02,TH
B4D15,Thứ sáu,3 ÷ 4,10,10,09,TH
B4D15,Thứ sáu,3 ÷ 4,14,11,06,GT
B4D15,Thứ sáu,3 ÷ 4,15,11,13,GT
B4D15,Thứ sáu,3 ÷ 4,16,11,20,GT
B4D15,Thứ sáu,3 ÷ 4,17,11,27,GT
B4D15,Thứ sáu,3 ÷ 4,18,11,04,GT
B4D15,Thứ sáu,3 ÷ 4,19,12,11,GT
B4D15,Thứ sáu,3 ÷ 4,20,12,18,GT
B4D15,Thứ sáu,3 ÷ 4,21,12,25,GT
B4D15,Thứ sáu,3 ÷ 4,23,1,08,GT
B5D15,Thứ hai,3 ÷ 4,1,8,03,TH
B5D15,Thứ hai,3 ÷ 4,2,8,10,TH
B5D15,Thứ hai,3 ÷ 4,3,8,17,TH
B5D15,Thứ hai,3 ÷ 4,4,8,24,TH
B5D15,Thứ hai,3 ÷ 4,5,8,31,TH
B5D15,Thứ hai,3 ÷ 4,6,9,07,TH
B5D15,Thứ hai,3 ÷ 4,7,9,14,TH
B5D15,Thứ hai,3 ÷ 4,8,9,21,TH
B5D15,Thứ hai,3 ÷ 4,9,9,28,TH
B5D15,Thứ hai,3 ÷ 4,10,10,05,TH
B5D15,Thứ hai,3 ÷ 4,14,11,02,ĐT
B5D15,Thứ hai,3 ÷ 4,15,11,09,ĐT
B5D15,Thứ hai,3 ÷ 4,16,11,16,ĐT
B5D15,Thứ hai,3 ÷ 4,17,11,23,ĐT
B5D15,Thứ hai,3 ÷ 4,18,11,30,ĐT
B5D15,Thứ hai,3 ÷ 4,19,12,07,ĐT
B5D15,Thứ hai,3 ÷ 4,20,12,14,ĐT
B5D15,Thứ hai,3 ÷ 4,21,12,21,ĐT
B5D15,Thứ hai,3 ÷ 4,22,12,28,ĐT
B5D15,Thứ hai,3 ÷ 4,23,1,04,ĐT
B5D15,Thứ ba,3 ÷ 4,1,8,04,AH
B5D15,Thứ ba,3 ÷ 4,2,8,11,AH
B5D15,Thứ ba,3 ÷ 4,3,8,18,AH
B5D15,Thứ ba,3 ÷ 4,4,8,25,AH
B5D15,Thứ ba,3 ÷ 4,6,9,08,AH
B5D15,Thứ ba,3 ÷ 4,7,9,15,AH
B5D15,Thứ ba,3 ÷ 4,8,9,22,AH
B5D15,Thứ ba,3 ÷ 4,9,9,29,AH
B5D15,Thứ ba,3 ÷ 4,10,10,06,AH
B5D15,Thứ ba,3 ÷ 4,14,11,03,LT
B5D15,Thứ ba,3 ÷ 4,15,11,10,LT
B5D15,Thứ ba,3 ÷ 4,16,11,17,LT
B5D15,Thứ ba,3 ÷ 4,18,11,01,LT
B5D15,Thứ ba,3 ÷ 4,19,12,08,LT
B5D15,Thứ ba,3 ÷ 4,20,12,15,LT
B5D15,Thứ ba,3 ÷ 4,21,12,22,LT
B5D15,Thứ ba,3 ÷ 4,22,12,29,LT
B5D15,Thứ ba,3 ÷ 4,23,1,05,LT
B5D15,Thứ tư,3 ÷ 4,14,11,04,GT
B5D15,Thứ tư,3 ÷ 4,15,11,11,GT
B5D15,Thứ tư,3 ÷ 4,16,11,18,GT
B5D15,Thứ tư,3 ÷ 4,17,11,25,GT
B5D15,Thứ tư,3 ÷ 4,18,11,02,GT
B5D15,Thứ tư,3 ÷ 4,19,12,09,GT
B5D15,Thứ tư,3 ÷ 4,20,12,16,GT
B5D15,Thứ tư,3 ÷ 4,21,12,23,GT
B5D15,Thứ tư,3 ÷ 4,22,12,30,GT
B5D15,Thứ tư,3 ÷ 4,23,1,06,GT
B5D15,Thứ năm,3 ÷ 4,1,8,06,AH
B5D15,Thứ năm,3 ÷ 4,2,8,13,AH
B5D15,Thứ năm,3 ÷ 4,3,8,20,AH
B5D15,Thứ năm,3 ÷ 4,4,8,27,AH
B5D15,Thứ năm,3 ÷ 4,5,8,03,AH
B5D15,Thứ năm,3 ÷ 4,6,9,10,AH
B5D15,Thứ năm,3 ÷ 4,7,9,17,AH
B5D15,Thứ năm,3 ÷ 4,8,9,24,AH
B5D15,Thứ năm,3 ÷ 4,9,9,01,AH
B5D15,Thứ năm,3 ÷ 4,10,10,08,AH
B5D15,Thứ năm,3 ÷ 4,14,11,05,LT
B5D15,Thứ năm,3 ÷ 4,15,11,12,LT
B5D15,Thứ năm,3 ÷ 4,16,11,19,LT
B5D15,Thứ năm,3 ÷ 4,17,11,26,LT
B5D15,Thứ năm,3 ÷ 4,18,11,03,LT
B5D15,Thứ năm,3 ÷ 4,19,12,10,LT
B5D15,Thứ năm,3 ÷ 4,20,12,17,LT
B5D15,Thứ năm,3 ÷ 4,21,12,24,LT
B5D15,Thứ năm,3 ÷ 4,22,12,31,LT
B5D15,Thứ năm,3 ÷ 4,23,1,07,LT
B5D15,Thứ sáu,3 ÷ 4,1,8,07,TH
B5D15,Thứ sáu,3 ÷ 4,2,8,14,TH
B5D15,Thứ sáu,3 ÷ 4,3,8,21,TH
B5D15,Thứ sáu,3 ÷ 4,4,8,28,TH
B5D15,Thứ sáu,3 ÷ 4,6,9,11,TH
B5D15,Thứ sáu,3 ÷ 4,14,11,06,ĐT
B5D15,Thứ sáu,3 ÷ 4,15,11,13,ĐT
B5D15,Thứ sáu,3 ÷ 4,16,11,20,ĐT
B5D15,Thứ sáu,3 ÷ 4,17,11,27,ĐT
B5D15,Thứ sáu,3 ÷ 4,18,11,04,ĐT
B5D15,Thứ sáu,3 ÷ 4,19,12,11,ĐT
B5D15,Thứ sáu,3 ÷ 4,20,12,18,ĐT
B5D15,Thứ sáu,3 ÷ 4,21,12,25,ĐT
B6D15,Thứ hai,3 ÷ 4,1,8,03,VL
B6D15,Thứ hai,3 ÷ 4,2,8,10,VL
B6D15,Thứ hai,3 ÷ 4,3,8,17,VL
B6D15,Thứ hai,3 ÷ 4,4,8,24,VL
B6D15,Thứ hai,3 ÷ 4,5,8,31,VL
B6D15,Thứ hai,3 ÷ 4,6,9,07,VL
B6D15,Thứ hai,3 ÷ 4,7,9,14,VL
B6D15,Thứ hai,3 ÷ 4,8,9,21,VL
B6D15,Thứ hai,3 ÷ 4,9,9,28,VL
B6D15,Thứ hai,3 ÷ 4,10,10,05,VL
B6D15,Thứ hai,3 ÷ 4,14,11,02,TH
B6D15,Thứ hai,3 ÷ 4,15,11,09,TH
B6D15,Thứ hai,3 ÷ 4,16,11,16,TH
B6D15,Thứ hai,3 ÷ 4,17,11,23,TH
B6D15,Thứ hai,3 ÷ 4,18,11,30,TH
B6D15,Thứ hai,3 ÷ 4,19,12,07,TH
B6D15,Thứ hai,3 ÷ 4,20,12,14,TH
B6D15,Thứ hai,3 ÷ 4,21,12,21,TH
B6D15,Thứ hai,3 ÷ 4,22,12,28,TH
B6D15,Thứ hai,3 ÷ 4,23,1,04,TH
B6D15,Thứ ba,3 ÷ 4,1,8,04,AH
B6D15,Thứ ba,3 ÷ 4,2,8,11,AH
B6D15,Thứ ba,3 ÷ 4,3,8,18,AH
B6D15,Thứ ba,3 ÷ 4,4,8,25,AH
B6D15,Thứ ba,3 ÷ 4,6,9,08,AH
B6D15,Thứ ba,3 ÷ 4,7,9,15,AH
B6D15,Thứ ba,3 ÷ 4,8,9,22,AH
B6D15,Thứ ba,3 ÷ 4,9,9,29,AH
B6D15,Thứ ba,3 ÷ 4,10,10,06,AH
B6D15,Thứ ba,3 ÷ 4,14,11,03,KT
B6D15,Thứ ba,3 ÷ 4,15,11,10,KT
B6D15,Thứ ba,3 ÷ 4,16,11,17,KT
B6D15,Thứ ba,3 ÷ 4,18,11,01,KT
B6D15,Thứ ba,3 ÷ 4,19,12,08,KT
B6D15,Thứ ba,3 ÷ 4,20,12,15,KT
B6D15,Thứ ba,3 ÷ 4,21,12,22,KT
B6D15,Thứ ba,3 ÷ 4,22,12,29,KT
B6D15,Thứ ba,3 ÷ 4,23,1,05,KT
B6D15,Thứ ba,5 ÷ 7,14,11,03,ĐS
B6D15,Thứ ba,5 ÷ 7,15,11,10,ĐS
B6D15,Thứ ba,5 ÷ 7,16,11,17,ĐS
B6D15,Thứ ba,5 ÷ 7,18,11,01,ĐS
B6D15,Thứ ba,5 ÷ 7,19,12,08,ĐS
B6D15,Thứ ba,5 ÷ 7,20,12,15,ĐS
B6D15,Thứ ba,5 ÷ 7,21,12,22,ĐS
B6D15,Thứ ba,5 ÷ 7,22,12,29,KT
B6D15,Thứ ba,5 ÷ 7,23,1,05,KT
B6D15,Thứ tư,3 ÷ 4,1,8,05,GT
B6D15,Thứ tư,3 ÷ 4,2,8,12,GT
B6D15,Thứ tư,3 ÷ 4,3,8,19,GT
B6D15,Thứ tư,3 ÷ 4,4,8,26,GT
B6D15,Thứ tư,3 ÷ 4,6,9,09,GT
B6D15,Thứ tư,3 ÷ 4,7,9,16,GT
B6D15,Thứ tư,3 ÷ 4,8,9,23,GT
B6D15,Thứ tư,3 ÷ 4,9,9,30,GT
B6D15,Thứ tư,3 ÷ 4,14,11,04,TH
B6D15,Thứ tư,3 ÷ 4,15,11,11,TH
B6D15,Thứ tư,3 ÷ 4,16,11,18,TH
B6D15,Thứ tư,3 ÷ 4,17,11,25,TH
B6D15,Thứ tư,3 ÷ 4,18,11,02,TH
B6D15,Thứ tư,3 ÷ 4,19,12,09,TH
B6D15,Thứ tư,3 ÷ 4,20,12,16,TH
B6D15,Thứ tư,3 ÷ 4,21,12,23,TH
B6D15,Thứ tư,3 ÷ 4,22,12,30,TH
B6D15,Thứ năm,3 ÷ 4,1,8,06,AH
B6D15,Thứ năm,3 ÷ 4,2,8,13,AH
B6D15,Thứ năm,3 ÷ 4,3,8,20,AH
B6D15,Thứ năm,3 ÷ 4,4,8,27,AH
B6D15,Thứ năm,3 ÷ 4,5,8,03,AH
B6D15,Thứ năm,3 ÷ 4,6,9,10,AH
B6D15,Thứ năm,3 ÷ 4,7,9,17,AH
B6D15,Thứ năm,3 ÷ 4,8,9,24,AH
B6D15,Thứ năm,3 ÷ 4,9,9,01,AH
B6D15,Thứ năm,3 ÷ 4,10,10,08,AH
B6D15,Thứ năm,3 ÷ 4,14,11,05,KT
B6D15,Thứ năm,3 ÷ 4,15,11,12,KT
B6D15,Thứ năm,3 ÷ 4,16,11,19,KT
B6D15,Thứ năm,3 ÷ 4,17,11,26,KT
B6D15,Thứ năm,3 ÷ 4,18,11,03,KT
B6D15,Thứ năm,3 ÷ 4,19,12,10,KT
B6D15,Thứ năm,3 ÷ 4,20,12,17,KT
B6D15,Thứ năm,3 ÷ 4,21,12,24,KT
B6D15,Thứ năm,3 ÷ 4,22,12,31,KT
B6D15,Thứ năm,3 ÷ 4,23,1,07,KT
B6D15,Thứ sáu,3 ÷ 4,2,8,14,VL
B6D15,Thứ sáu,3 ÷ 4,3,8,21,VL
B6D15,Thứ sáu,3 ÷ 4,4,8,28,VL
B6D15,Thứ sáu,3 ÷ 4,6,9,11,VL
B6D15,Thứ sáu,3 ÷ 4,7,9,18,VL
B6D15,Thứ sáu,3 ÷ 4,8,9,25,VL
B6D15,Thứ sáu,3 ÷ 4,9,9,02,VL
B6D15,Thứ sáu,3 ÷ 4,10,10,09,VL
B6D15,Thứ sáu,3 ÷ 4,14,11,06,HH
B6D15,Thứ sáu,3 ÷ 4,15,11,13,HH
B6D15,Thứ sáu,3 ÷ 4,16,11,20,HH
B6D15,Thứ sáu,3 ÷ 4,17,11,27,HH
B6D15,Thứ sáu,3 ÷ 4,18,11,04,HH
B6D15,Thứ sáu,3 ÷ 4,19,12,11,HH
B6D15,Thứ sáu,3 ÷ 4,20,12,18,HH
B6D15,Thứ sáu,3 ÷ 4,21,12,25,HH
B6D15,Thứ sáu,3 ÷ 4,23,1,08,HH
B7D15,Thứ hai,3 ÷ 4,1,8,03,KT
B7D15,Thứ hai,3 ÷ 4,2,8,10,KT
B7D15,Thứ hai,3 ÷ 4,3,8,17,KT
B7D15,Thứ hai,3 ÷ 4,4,8,24,KT
B7D15,Thứ hai,3 ÷ 4,5,8,31,KT
B7D15,Thứ hai,3 ÷ 4,6,9,07,KT
B7D15,Thứ hai,3 ÷ 4,7,9,14,KT
B7D15,Thứ hai,3 ÷ 4,8,9,21,KT
B7D15,Thứ hai,3 ÷ 4,9,9,28,KT
B7D15,Thứ hai,3 ÷ 4,10,10,05,KT
B7D15,Thứ hai,3 ÷ 4,14,11,02,GT
B7D15,Thứ hai,3 ÷ 4,15,11,09,GT
B7D15,Thứ hai,3 ÷ 4,16,11,16,GT
B7D15,Thứ hai,3 ÷ 4,17,11,23,GT
B7D15,Thứ hai,3 ÷ 4,18,11,30,GT
B7D15,Thứ hai,3 ÷ 4,19,12,07,GT
B7D15,Thứ hai,3 ÷ 4,20,12,14,GT
B7D15,Thứ hai,3 ÷ 4,21,12,21,GT
B7D15,Thứ hai,3 ÷ 4,22,12,28,GT
B7D15,Thứ hai,3 ÷ 4,23,1,04,GT
B7D15,Thứ ba,3 ÷ 4,1,8,04,AH
B7D15,Thứ ba,3 ÷ 4,2,8,11,AH
B7D15,Thứ ba,3 ÷ 4,3,8,18,AH
B7D15,Thứ ba,3 ÷ 4,4,8,25,AH
B7D15,Thứ ba,3 ÷ 4,6,9,08,AH
B7D15,Thứ ba,3 ÷ 4,7,9,15,AH
B7D15,Thứ ba,3 ÷ 4,8,9,22,AH
B7D15,Thứ ba,3 ÷ 4,9,9,29,AH
B7D15,Thứ ba,3 ÷ 4,10,10,06,AH
B7D15,Thứ ba,3 ÷ 4,15,11,10,NM
B7D15,Thứ ba,3 ÷ 4,16,11,17,NM
B7D15,Thứ ba,3 ÷ 4,18,11,01,NM
B7D15,Thứ ba,3 ÷ 4,19,12,08,NM
B7D15,Thứ ba,3 ÷ 4,20,12,15,NM
B7D15,Thứ ba,3 ÷ 4,21,12,22,NM
B7D15,Thứ ba,3 ÷ 4,22,12,29,NM
B7D15,Thứ ba,3 ÷ 4,23,1,05,NM
B7D15,Thứ tư,3 ÷ 4,1,8,05,NP
B7D15,Thứ tư,3 ÷ 4,2,8,12,NP
B7D15,Thứ tư,3 ÷ 4,3,8,19,NP
B7D15,Thứ tư,3 ÷ 4,4,8,26,NP
B7D15,Thứ tư,3 ÷ 4,6,9,09,NP
B7D15,Thứ tư,3 ÷ 4,7,9,16,NP
B7D15,Thứ tư,3 ÷ 4,8,9,23,NP
B7D15,Thứ tư,3 ÷ 4,9,9,30,NP
B7D15,Thứ tư,3 ÷ 4,10,10,07,NP
B7D15,Thứ tư,3 ÷ 4,14,11,04,CN
B7D15,Thứ tư,3 ÷ 4,15,11,11,CN
B7D15,Thứ tư,3 ÷ 4,16,11,18,CN
B7D15,Thứ tư,3 ÷ 4,17,11,25,CN
B7D15,Thứ tư,3 ÷ 4,18,11,02,CN
B7D15,Thứ tư,3 ÷ 4,19,12,09,CN
B7D15,Thứ tư,3 ÷ 4,20,12,16,CN
B7D15,Thứ tư,3 ÷ 4,21,12,23,CN
B7D15,Thứ tư,3 ÷ 4,22,12,30,CN
B7D15,Thứ tư,3 ÷ 4,23,1,06,CN
B7D15,Thứ năm,3 ÷ 4,1,8,06,AH
B7D15,Thứ năm,3 ÷ 4,2,8,13,AH
B7D15,Thứ năm,3 ÷ 4,3,8,20,AH
B7D15,Thứ năm,3 ÷ 4,4,8,27,AH
B7D15,Thứ năm,3 ÷ 4,5,8,03,AH
B7D15,Thứ năm,3 ÷ 4,6,9,10,AH
B7D15,Thứ năm,3 ÷ 4,7,9,17,AH
B7D15,Thứ năm,3 ÷ 4,8,9,24,AH
B7D15,Thứ năm,3 ÷ 4,9,9,01,AH
B7D15,Thứ năm,3 ÷ 4,10,10,08,AH
B7D15,Thứ năm,3 ÷ 4,14,11,05,GT
B7D15,Thứ năm,3 ÷ 4,15,11,12,GT
B7D15,Thứ năm,3 ÷ 4,16,11,19,GT
B7D15,Thứ năm,3 ÷ 4,17,11,26,GT
B7D15,Thứ năm,3 ÷ 4,18,11,03,GT
B7D15,Thứ năm,3 ÷ 4,19,12,10,GT
B7D15,Thứ năm,3 ÷ 4,20,12,17,GT
B7D15,Thứ năm,3 ÷ 4,21,12,24,NM
B7D15,Thứ năm,3 ÷ 4,22,12,31,NM
B7D15,Thứ năm,3 ÷ 4,23,1,07,NM
B7D15,Thứ sáu,3 ÷ 4,1,8,07,ĐS
B7D15,Thứ sáu,3 ÷ 4,2,8,14,ĐS
B7D15,Thứ sáu,3 ÷ 4,3,8,21,ĐS
B7D15,Thứ sáu,3 ÷ 4,4,8,28,ĐS
B7D15,Thứ sáu,3 ÷ 4,6,9,11,ĐS
B7D15,Thứ sáu,3 ÷ 4,7,9,18,ĐS
B7D15,Thứ sáu,3 ÷ 4,8,9,25,ĐS
B7D15,Thứ sáu,3 ÷ 4,9,9,02,ĐS
B7D15,Thứ sáu,3 ÷ 4,10,10,09,ĐS
B7D15,Thứ sáu,3 ÷ 4,23,1,08,CN
B8D15,Thứ hai,3 ÷ 4,1,8,03,KT
B8D15,Thứ hai,3 ÷ 4,2,8,10,KT
B8D15,Thứ hai,3 ÷ 4,3,8,17,KT
B8D15,Thứ hai,3 ÷ 4,4,8,24,KT
B8D15,Thứ hai,3 ÷ 4,5,8,31,KT
B8D15,Thứ hai,3 ÷ 4,6,9,07,KT
B8D15,Thứ hai,3 ÷ 4,7,9,14,KT
B8D15,Thứ hai,3 ÷ 4,8,9,21,KT
B8D15,Thứ hai,3 ÷ 4,9,9,28,KT
B8D15,Thứ hai,3 ÷ 4,10,10,05,KT
B8D15,Thứ hai,3 ÷ 4,14,11,02,GT
B8D15,Thứ hai,3 ÷ 4,15,11,09,GT
B8D15,Thứ hai,3 ÷ 4,16,11,16,GT
B8D15,Thứ hai,3 ÷ 4,17,11,23,GT
B8D15,Thứ hai,3 ÷ 4,18,11,30,GT
B8D15,Thứ hai,3 ÷ 4,19,12,07,GT
B8D15,Thứ hai,3 ÷ 4,20,12,14,GT
B8D15,Thứ hai,3 ÷ 4,21,12,21,GT
B8D15,Thứ hai,3 ÷ 4,22,12,28,GT
B8D15,Thứ hai,3 ÷ 4,23,1,04,GT
B8D15,Thứ ba,3 ÷ 4,1,8,04,AH
B8D15,Thứ ba,3 ÷ 4,2,8,11,AH
B8D15,Thứ ba,3 ÷ 4,3,8,18,AH
B8D15,Thứ ba,3 ÷ 4,4,8,25,AH
B8D15,Thứ ba,3 ÷ 4,6,9,08,AH
B8D15,Thứ ba,3 ÷ 4,7,9,15,AH
B8D15,Thứ ba,3 ÷ 4,8,9,22,AH
B8D15,Thứ ba,3 ÷ 4,9,9,29,AH
B8D15,Thứ ba,3 ÷ 4,10,10,06,AH
B8D15,Thứ ba,3 ÷ 4,18,11,01,MM
B8D15,Thứ ba,3 ÷ 4,22,12,29,MM
B8D15,Thứ ba,3 ÷ 4,23,1,05,MM
B8D15,Thứ ba,5 ÷ 7,14,11,03,CM
B8D15,Thứ ba,5 ÷ 7,15,11,10,CM
B8D15,Thứ ba,5 ÷ 7,16,11,17,CM
B8D15,Thứ ba,5 ÷ 7,18,11,01,CM
B8D15,Thứ ba,5 ÷ 7,19,12,08,CM
B8D15,Thứ ba,5 ÷ 7,20,12,15,CM
B8D15,Thứ ba,5 ÷ 7,21,12,22,CM
B8D15,Thứ ba,5 ÷ 7,22,12,29,CM
B8D15,Thứ ba,5 ÷ 7,23,1,05,CM
B8D15,Thứ tư,3 ÷ 4,1,8,05,NP
B8D15,Thứ tư,3 ÷ 4,2,8,12,NP
B8D15,Thứ tư,3 ÷ 4,3,8,19,NP
B8D15,Thứ tư,3 ÷ 4,4,8,26,NP
B8D15,Thứ tư,3 ÷ 4,6,9,09,NP
B8D15,Thứ tư,3 ÷ 4,7,9,16,NP
B8D15,Thứ tư,3 ÷ 4,8,9,23,NP
B8D15,Thứ tư,3 ÷ 4,9,9,30,NP
B8D15,Thứ tư,3 ÷ 4,10,10,07,NP
B8D15,Thứ tư,3 ÷ 4,14,11,04,CN
B8D15,Thứ tư,3 ÷ 4,15,11,11,CN
B8D15,Thứ tư,3 ÷ 4,16,11,18,CN
B8D15,Thứ tư,3 ÷ 4,17,11,25,CN
B8D15,Thứ tư,3 ÷ 4,18,11,02,CN
B8D15,Thứ tư,3 ÷ 4,19,12,09,CN
B8D15,Thứ tư,3 ÷ 4,20,12,16,CN
B8D15,Thứ tư,3 ÷ 4,21,12,23,CN
B8D15,Thứ tư,3 ÷ 4,22,12,30,CN
B8D15,Thứ tư,3 ÷ 4,23,1,06,CN
B8D15,Thứ năm,3 ÷ 4,1,8,06,AH
B8D15,Thứ năm,3 ÷ 4,2,8,13,AH
B8D15,Thứ năm,3 ÷ 4,3,8,20,AH
B8D15,Thứ năm,3 ÷ 4,4,8,27,AH
B8D15,Thứ năm,3 ÷ 4,5,8,03,AH
B8D15,Thứ năm,3 ÷ 4,6,9,10,AH
B8D15,Thứ năm,3 ÷ 4,7,9,17,AH
B8D15,Thứ năm,3 ÷ 4,8,9,24,AH
B8D15,Thứ năm,3 ÷ 4,9,9,01,AH
B8D15,Thứ năm,3 ÷ 4,10,10,08,AH
B8D15,Thứ năm,3 ÷ 4,14,11,05,GT
B8D15,Thứ năm,3 ÷ 4,15,11,12,GT
B8D15,Thứ năm,3 ÷ 4,16,11,19,GT
B8D15,Thứ năm,3 ÷ 4,17,11,26,GT
B8D15,Thứ năm,3 ÷ 4,18,11,03,GT
B8D15,Thứ năm,3 ÷ 4,19,12,10,GT
B8D15,Thứ năm,3 ÷ 4,20,12,17,GT
B8D15,Thứ năm,3 ÷ 4,21,12,24,MM
B8D15,Thứ năm,3 ÷ 4,22,12,31,MM
B8D15,Thứ sáu,3 ÷ 4,1,8,07,ĐS
B8D15,Thứ sáu,3 ÷ 4,2,8,14,ĐS
B8D15,Thứ sáu,3 ÷ 4,3,8,21,ĐS
B8D15,Thứ sáu,3 ÷ 4,4,8,28,ĐS
B8D15,Thứ sáu,3 ÷ 4,6,9,11,ĐS
B8D15,Thứ sáu,3 ÷ 4,7,9,18,ĐS
B8D15,Thứ sáu,3 ÷ 4,8,9,25,ĐS
B8D15,Thứ sáu,3 ÷ 4,9,9,02,ĐS
B8D15,Thứ sáu,3 ÷ 4,10,10,09,ĐS
B8D15,Thứ sáu,3 ÷ 4,14,11,06,CM
B8D15,Thứ sáu,3 ÷ 4,15,11,13,CM
B8D15,Thứ sáu,3 ÷ 4,16,11,20,CM
B8D15,Thứ sáu,3 ÷ 4,17,11,27,CM
B8D15,Thứ sáu,3 ÷ 4,18,11,04,CM
B8D15,Thứ sáu,3 ÷ 4,19,12,11,CM
B8D15,Thứ sáu,3 ÷ 4,20,12,18,CM
B8D15,Thứ sáu,3 ÷ 4,21,12,25,CM
B8D15,Thứ sáu,3 ÷ 4,23,1,08,CN
B9D15,Thứ hai,3 ÷ 4,1,8,03,KT
B9D15,Thứ hai,3 ÷ 4,2,8,10,KT
B9D15,Thứ hai,3 ÷ 4,3,8,17,KT
B9D15,Thứ hai,3 ÷ 4,4,8,24,KT
B9D15,Thứ hai,3 ÷ 4,5,8,31,KT
B9D15,Thứ hai,3 ÷ 4,6,9,07,KT
B9D15,Thứ hai,3 ÷ 4,7,9,14,KT
B9D15,Thứ hai,3 ÷ 4,8,9,21,KT
B9D15,Thứ hai,3 ÷ 4,9,9,28,KT
B9D15,Thứ hai,3 ÷ 4,10,10,05,KT
B9D15,Thứ hai,3 ÷ 4,14,11,02,GT
B9D15,Thứ hai,3 ÷ 4,15,11,09,GT
B9D15,Thứ hai,3 ÷ 4,16,11,16,GT
B9D15,Thứ hai,3 ÷ 4,17,11,23,GT
B9D15,Thứ hai,3 ÷ 4,18,11,30,GT
B9D15,Thứ hai,3 ÷ 4,19,12,07,GT
B9D15,Thứ hai,3 ÷ 4,20,12,14,GT
B9D15,Thứ hai,3 ÷ 4,21,12,21,GT
B9D15,Thứ hai,3 ÷ 4,22,12,28,GT
B9D15,Thứ hai,3 ÷ 4,23,1,04,GT
B9D15,Thứ ba,3 ÷ 4,1,8,04,MM
B9D15,Thứ ba,3 ÷ 4,2,8,11,MM
B9D15,Thứ ba,3 ÷ 4,3,8,18,MM
B9D15,Thứ ba,3 ÷ 4,4,8,25,MM
B9D15,Thứ ba,3 ÷ 4,6,9,08,MM
B9D15,Thứ ba,3 ÷ 4,7,9,15,MM
B9D15,Thứ ba,3 ÷ 4,14,11,03,AH
B9D15,Thứ ba,3 ÷ 4,15,11,10,AH
B9D15,Thứ ba,3 ÷ 4,16,11,17,AH
B9D15,Thứ ba,3 ÷ 4,18,11,01,AH
B9D15,Thứ ba,3 ÷ 4,19,12,08,AH
B9D15,Thứ ba,3 ÷ 4,20,12,15,AH
B9D15,Thứ ba,3 ÷ 4,21,12,22,AH
B9D15,Thứ ba,3 ÷ 4,22,12,29,AH
B9D15,Thứ ba,3 ÷ 4,23,1,05,AH
B9D15,Thứ tư,3 ÷ 4,2,8,12,LS
B9D15,Thứ tư,3 ÷ 4,3,8,19,LS
B9D15,Thứ tư,3 ÷ 4,4,8,26,LS
B9D15,Thứ tư,3 ÷ 4,6,9,09,LS
B9D15,Thứ tư,3 ÷ 4,7,9,16,LS
B9D15,Thứ tư,3 ÷ 4,8,9,23,LS
B9D15,Thứ tư,3 ÷ 4,9,9,30,LS
B9D15,Thứ tư,3 ÷ 4,10,10,07,LS
B9D15,Thứ tư,3 ÷ 4,14,11,04,CN
B9D15,Thứ tư,3 ÷ 4,15,11,11,CN
B9D15,Thứ tư,3 ÷ 4,16,11,18,CN
B9D15,Thứ tư,3 ÷ 4,17,11,25,CN
B9D15,Thứ tư,3 ÷ 4,18,11,02,CN
B9D15,Thứ tư,3 ÷ 4,19,12,09,CN
B9D15,Thứ tư,3 ÷ 4,20,12,16,CN
B9D15,Thứ tư,3 ÷ 4,21,12,23,CN
B9D15,Thứ tư,3 ÷ 4,22,12,30,CN
B9D15,Thứ tư,3 ÷ 4,23,1,06,CN
B9D15,Thứ năm,3 ÷ 4,1,8,06,MM
B9D15,Thứ năm,3 ÷ 4,2,8,13,MM
B9D15,Thứ năm,3 ÷ 4,3,8,20,MM
B9D15,Thứ năm,3 ÷ 4,4,8,27,MM
B9D15,Thứ năm,3 ÷ 4,5,8,03,MM
B9D15,Thứ năm,3 ÷ 4,6,9,10,MM
B9D15,Thứ năm,3 ÷ 4,7,9,17,MM
B9D15,Thứ năm,3 ÷ 4,14,11,05,GT
B9D15,Thứ năm,3 ÷ 4,15,11,12,GT
B9D15,Thứ năm,3 ÷ 4,16,11,19,GT
B9D15,Thứ năm,3 ÷ 4,17,11,26,GT
B9D15,Thứ năm,3 ÷ 4,18,11,03,GT
B9D15,Thứ năm,3 ÷ 4,19,12,10,GT
B9D15,Thứ năm,3 ÷ 4,20,12,17,GT
B9D15,Thứ năm,3 ÷ 4,21,12,24,AH
B9D15,Thứ năm,3 ÷ 4,22,12,31,AH
B9D15,Thứ năm,3 ÷ 4,23,1,07,AH
B9D15,Thứ sáu,3 ÷ 4,1,8,07,ĐS
B9D15,Thứ sáu,3 ÷ 4,2,8,14,ĐS
B9D15,Thứ sáu,3 ÷ 4,3,8,21,ĐS
B9D15,Thứ sáu,3 ÷ 4,4,8,28,ĐS
B9D15,Thứ sáu,3 ÷ 4,5,8,04,ĐS
B9D15,Thứ sáu,3 ÷ 4,7,9,18,ĐS
B9D15,Thứ sáu,3 ÷ 4,8,9,25,ĐS
B9D15,Thứ sáu,3 ÷ 4,9,9,02,ĐS
B9D15,Thứ sáu,3 ÷ 4,10,10,09,ĐS
B9D15,Thứ sáu,3 ÷ 4,14,11,06,AH
B9D15,Thứ sáu,3 ÷ 4,15,11,13,AH
B9D15,Thứ sáu,3 ÷ 4,16,11,20,AH
B9D15,Thứ sáu,3 ÷ 4,17,11,27,AH
B9D15,Thứ sáu,3 ÷ 4,18,11,04,AH
B9D15,Thứ sáu,3 ÷ 4,19,12,11,AH
B9D15,Thứ sáu,3 ÷ 4,20,12,18,AH
B9D15,Thứ sáu,3 ÷ 4,21,12,25,AH
B9D15,Thứ sáu,3 ÷ 4,23,1,08,CN
B9D15,Thứ sáu,5 ÷ 7,5,8,04,ĐS
B10D15,Thứ hai,3 ÷ 4,1,8,03,CK
B10D15,Thứ hai,3 ÷ 4,2,8,10,CK
B10D15,Thứ hai,3 ÷ 4,3,8,17,CK
B10D15,Thứ hai,3 ÷ 4,4,8,24,CK
B10D15,Thứ hai,3 ÷ 4,5,8,31,CK
B10D15,Thứ hai,3 ÷ 4,6,9,07,CK
B10D15,Thứ hai,3 ÷ 4,7,9,14,CK
B10D15,Thứ hai,3 ÷ 4,8,9,21,CK
B10D15,Thứ hai,3 ÷ 4,9,9,28,CK
B10D15,Thứ hai,3 ÷ 4,10,10,05,CK
B10D15,Thứ hai,3 ÷ 4,14,11,02,TH
B10D15,Thứ hai,3 ÷ 4,15,11,09,TH
B10D15,Thứ hai,3 ÷ 4,16,11,16,TH
B10D15,Thứ hai,3 ÷ 4,17,11,23,TH
B10D15,Thứ hai,3 ÷ 4,18,11,30,TH
B10D15,Thứ hai,3 ÷ 4,19,12,07,TH
B10D15,Thứ hai,3 ÷ 4,20,12,14,TH
B10D15,Thứ hai,3 ÷ 4,21,12,21,TH
B10D15,Thứ hai,3 ÷ 4,22,12,28,TH
B10D15,Thứ hai,3 ÷ 4,23,1,04,TH
B10D15,Thứ hai,8,2,8,10,TC
B10D15,Thứ hai,8,3,8,17,TC
B10D15,Thứ hai,8,4,8,24,TC
B10D15,Thứ hai,8,5,8,31,TC
B10D15,Thứ hai,8,6,9,07,TC
B10D15,Thứ hai,8,7,9,14,TC
B10D15,Thứ hai,8,8,9,21,TC
B10D15,Thứ hai,8,9,9,28,TC
B10D15,Thứ hai,8,10,10,05,TC
B10D15,Thứ hai,8,11,10,12,TC
B10D15,Thứ hai,8,12,10,19,TC
B10D15,Thứ ba,3 ÷ 4,14,11,03,AH
B10D15,Thứ ba,3 ÷ 4,15,11,10,AH
B10D15,Thứ ba,3 ÷ 4,16,11,17,AH
B10D15,Thứ ba,3 ÷ 4,18,11,01,AH
B10D15,Thứ ba,3 ÷ 4,19,12,08,AH
B10D15,Thứ ba,3 ÷ 4,20,12,15,AH
B10D15,Thứ ba,3 ÷ 4,21,12,22,AH
B10D15,Thứ ba,3 ÷ 4,22,12,29,AH
B10D15,Thứ ba,3 ÷ 4,23,1,05,AH
B10D15,Thứ ba,7 ÷ 8,2,8,11,TC
B10D15,Thứ ba,7 ÷ 8,3,8,18,TC
B10D15,Thứ ba,7 ÷ 8,4,8,25,TC
B10D15,Thứ ba,7 ÷ 8,6,9,08,TC
B10D15,Thứ ba,7 ÷ 8,7,9,15,TC
B10D15,Thứ ba,7 ÷ 8,8,9,22,TC
B10D15,Thứ ba,7 ÷ 8,9,9,29,TC
B10D15,Thứ ba,7 ÷ 8,10,10,06,TC
B10D15,Thứ ba,7 ÷ 8,11,10,13,TC
B10D15,Thứ ba,7 ÷ 8,12,10,20,TC
B10D15,Thứ tư,3 ÷ 4,1,8,05,GM
B10D15,Thứ tư,3 ÷ 4,2,8,12,LS
B10D15,Thứ tư,3 ÷ 4,3,8,19,LS
B10D15,Thứ tư,3 ÷ 4,4,8,26,LS
B10D15,Thứ tư,3 ÷ 4,6,9,09,LS
B10D15,Thứ tư,3 ÷ 4,7,9,16,LS
B10D15,Thứ tư,3 ÷ 4,8,9,23,LS
B10D15,Thứ tư,3 ÷ 4,9,9,30,LS
B10D15,Thứ tư,3 ÷ 4,10,10,07,LS
B10D15,Thứ tư,3 ÷ 4,14,11,04,TH
B10D15,Thứ tư,3 ÷ 4,15,11,11,TH
B10D15,Thứ tư,3 ÷ 4,16,11,18,TH
B10D15,Thứ tư,3 ÷ 4,17,11,25,TH
B10D15,Thứ tư,3 ÷ 4,18,11,02,TH
B10D15,Thứ tư,3 ÷ 4,19,12,09,TH
B10D15,Thứ tư,3 ÷ 4,20,12,16,TH
B10D15,Thứ tư,3 ÷ 4,21,12,23,TH
B10D15,Thứ tư,3 ÷ 4,22,12,30,TH
B10D15,Thứ tư,3 ÷ 4,23,1,06,TH
B10D15,Thứ năm,3 ÷ 4,1,8,06,ĐS
B10D15,Thứ năm,3 ÷ 4,2,8,13,ĐS
B10D15,Thứ năm,3 ÷ 4,3,8,20,ĐS
B10D15,Thứ năm,3 ÷ 4,4,8,27,ĐS
B10D15,Thứ năm,3 ÷ 4,5,8,03,ĐS
B10D15,Thứ năm,3 ÷ 4,6,9,10,ĐS
B10D15,Thứ năm,3 ÷ 4,7,9,17,ĐS
B10D15,Thứ năm,3 ÷ 4,8,9,24,ĐS
B10D15,Thứ năm,3 ÷ 4,9,9,01,ĐS
B10D15,Thứ năm,3 ÷ 4,14,11,05,AH
B10D15,Thứ năm,3 ÷ 4,15,11,12,AH
B10D15,Thứ năm,3 ÷ 4,16,11,19,AH
B10D15,Thứ năm,3 ÷ 4,17,11,26,AH
B10D15,Thứ năm,3 ÷ 4,18,11,03,AH
B10D15,Thứ năm,3 ÷ 4,19,12,10,AH
B10D15,Thứ năm,3 ÷ 4,20,12,17,AH
B10D15,Thứ năm,3 ÷ 4,21,12,24,AH
B10D15,Thứ năm,3 ÷ 4,22,12,31,AH
B10D15,Thứ năm,3 ÷ 4,23,1,07,AH
B10D15,Thứ năm,8,2,8,13,TC
B10D15,Thứ năm,8,3,8,20,TC
B10D15,Thứ năm,8,4,8,27,TC
B10D15,Thứ năm,8,5,8,03,TC
B10D15,Thứ năm,8,6,9,10,TC
B10D15,Thứ năm,8,7,9,17,TC
B10D15,Thứ năm,8,8,9,24,TC
B10D15,Thứ năm,8,9,9,01,TC
B10D15,Thứ năm,8,10,10,08,TC
B10D15,Thứ năm,8,11,10,15,TC
B10D15,Thứ sáu,3 ÷ 4,1,8,07,GM
B10D15,Thứ sáu,3 ÷ 4,2,8,14,GM
B10D15,Thứ sáu,3 ÷ 4,3,8,21,GM
B10D15,Thứ sáu,3 ÷ 4,4,8,28,GM
B10D15,Thứ sáu,3 ÷ 4,5,8,04,GM
B10D15,Thứ sáu,3 ÷ 4,7,9,18,GM
B10D15,Thứ sáu,3 ÷ 4,8,9,25,GM
B10D15,Thứ sáu,3 ÷ 4,9,9,02,GM
B10D15,Thứ sáu,3 ÷ 4,10,10,09,GM
B10D15,Thứ sáu,3 ÷ 4,14,11,06,TH
B10D15,Thứ sáu,3 ÷ 4,15,11,13,TH
B10D15,Thứ sáu,3 ÷ 4,16,11,20,TH
B10D15,Thứ sáu,3 ÷ 4,17,11,27,TH
B10D15,Thứ sáu,3 ÷ 4,18,11,04,TH
B10D15,Thứ sáu,3 ÷ 4,19,12,11,TH
B10D15,Thứ sáu,3 ÷ 4,20,12,18,VL
B10D15,Thứ sáu,3 ÷ 4,21,12,25,VL
B10D15,Thứ sáu,3 ÷ 4,23,1,08,VL
B10D15,Thứ sáu,5 ÷ 7,14,11,06,AH
B10D15,Thứ sáu,5 ÷ 7,15,11,13,AH
B10D15,Thứ sáu,5 ÷ 7,16,11,20,AH
B10D15,Thứ sáu,5 ÷ 7,17,11,27,AH
B10D15,Thứ sáu,5 ÷ 7,18,11,04,AH
B10D15,Thứ sáu,5 ÷ 7,19,12,11,AH
B10D15,Thứ sáu,5 ÷ 7,20,12,18,AH
B11D15,Thứ hai,3 ÷ 4,1,8,03,TH
B11D15,Thứ hai,3 ÷ 4,2,8,10,TH
B11D15,Thứ hai,3 ÷ 4,3,8,17,TH
B11D15,Thứ hai,3 ÷ 4,4,8,24,TH
B11D15,Thứ hai,3 ÷ 4,5,8,31,TH
B11D15,Thứ hai,3 ÷ 4,6,9,07,TH
B11D15,Thứ hai,3 ÷ 4,7,9,14,TH
B11D15,Thứ hai,3 ÷ 4,8,9,21,TH
B11D15,Thứ hai,3 ÷ 4,9,9,28,TH
B11D15,Thứ hai,3 ÷ 4,10,10,05,TH
B11D15,Thứ hai,3 ÷ 4,14,11,02,AH
B11D15,Thứ hai,3 ÷ 4,15,11,09,AH
B11D15,Thứ hai,3 ÷ 4,16,11,16,AH
B11D15,Thứ hai,3 ÷ 4,17,11,23,AH
B11D15,Thứ hai,3 ÷ 4,18,11,30,AH
B11D15,Thứ hai,3 ÷ 4,19,12,07,AH
B11D15,Thứ hai,3 ÷ 4,20,12,14,AH
B11D15,Thứ hai,3 ÷ 4,21,12,21,AH
B11D15,Thứ hai,3 ÷ 4,22,12,28,AH
B11D15,Thứ hai,3 ÷ 4,23,1,04,AH
B11D15,Thứ ba,3 ÷ 4,1,8,04,TH
B11D15,Thứ ba,3 ÷ 4,2,8,11,TH
B11D15,Thứ ba,3 ÷ 4,3,8,18,TH
B11D15,Thứ ba,3 ÷ 4,4,8,25,TH
B11D15,Thứ ba,3 ÷ 4,6,9,08,TH
B11D15,Thứ ba,3 ÷ 4,7,9,15,TH
B11D15,Thứ ba,3 ÷ 4,8,9,22,TH
B11D15,Thứ ba,3 ÷ 4,9,9,29,TH
B11D15,Thứ ba,3 ÷ 4,10,10,06,TH
B11D15,Thứ ba,3 ÷ 4,14,11,03,AH
B11D15,Thứ ba,3 ÷ 4,15,11,10,AH
B11D15,Thứ ba,3 ÷ 4,16,11,17,AH
B11D15,Thứ ba,3 ÷ 4,18,11,01,AH
B11D15,Thứ ba,3 ÷ 4,19,12,08,AH
B11D15,Thứ tư,3 ÷ 4,1,8,05,GM
B11D15,Thứ tư,3 ÷ 4,2,8,12,LS
B11D15,Thứ tư,3 ÷ 4,3,8,19,LS
B11D15,Thứ tư,3 ÷ 4,4,8,26,LS
B11D15,Thứ tư,3 ÷ 4,6,9,09,LS
B11D15,Thứ tư,3 ÷ 4,7,9,16,LS
B11D15,Thứ tư,3 ÷ 4,8,9,23,LS
B11D15,Thứ tư,3 ÷ 4,9,9,30,LS
B11D15,Thứ tư,3 ÷ 4,10,10,07,LS
B11D15,Thứ tư,3 ÷ 4,14,11,04,KT
B11D15,Thứ tư,3 ÷ 4,15,11,11,KT
B11D15,Thứ tư,3 ÷ 4,16,11,18,KT
B11D15,Thứ tư,3 ÷ 4,17,11,25,KT
B11D15,Thứ tư,3 ÷ 4,18,11,02,KT
B11D15,Thứ tư,3 ÷ 4,19,12,09,KT
B11D15,Thứ tư,3 ÷ 4,20,12,16,KT
B11D15,Thứ tư,3 ÷ 4,21,12,23,KT
B11D15,Thứ tư,3 ÷ 4,22,12,30,KT
B11D15,Thứ tư,3 ÷ 4,23,1,06,KT
B11D15,Thứ năm,3 ÷ 4,1,8,06,ĐS
B11D15,Thứ năm,3 ÷ 4,2,8,13,ĐS
B11D15,Thứ năm,3 ÷ 4,3,8,20,ĐS
B11D15,Thứ năm,3 ÷ 4,4,8,27,ĐS
B11D15,Thứ năm,3 ÷ 4,5,8,03,ĐS
B11D15,Thứ năm,3 ÷ 4,6,9,10,ĐS
B11D15,Thứ năm,3 ÷ 4,7,9,17,ĐS
B11D15,Thứ năm,3 ÷ 4,8,9,24,ĐS
B11D15,Thứ năm,3 ÷ 4,9,9,01,ĐS
B11D15,Thứ năm,3 ÷ 4,14,11,05,AH
B11D15,Thứ năm,3 ÷ 4,15,11,12,AH
B11D15,Thứ năm,3 ÷ 4,16,11,19,AH
B11D15,Thứ năm,3 ÷ 4,17,11,26,AH
B11D15,Thứ năm,3 ÷ 4,18,11,03,AH
B11D15,Thứ năm,3 ÷ 4,19,12,10,AH
B11D15,Thứ năm,3 ÷ 4,20,12,17,AH
B11D15,Thứ năm,3 ÷ 4,21,12,24,AH
B11D15,Thứ năm,3 ÷ 4,22,12,31,AH
B11D15,Thứ năm,3 ÷ 4,23,1,07,AH
B11D15,Thứ sáu,3 ÷ 4,1,8,07,GM
B11D15,Thứ sáu,3 ÷ 4,2,8,14,GM
B11D15,Thứ sáu,3 ÷ 4,3,8,21,GM
B11D15,Thứ sáu,3 ÷ 4,4,8,28,GM
B11D15,Thứ sáu,3 ÷ 4,5,8,04,GM
B11D15,Thứ sáu,3 ÷ 4,7,9,18,GM
B11D15,Thứ sáu,3 ÷ 4,8,9,25,GM
B11D15,Thứ sáu,3 ÷ 4,9,9,02,GM
B11D15,Thứ sáu,3 ÷ 4,10,10,09,GM
B11D15,Thứ sáu,3 ÷ 4,20,12,18,VL
B11D15,Thứ sáu,3 ÷ 4,21,12,25,VL
B11D15,Thứ sáu,3 ÷ 4,23,1,08,VL
B1LT8,Thứ hai,3 ÷ 4,1,8,03,MD
B1LT8,Thứ hai,3 ÷ 4,2,8,10,MD
B1LT8,Thứ hai,3 ÷ 4,3,8,17,MD
B1LT8,Thứ hai,3 ÷ 4,4,8,24,MD
B1LT8,Thứ hai,3 ÷ 4,5,8,31,MD
B1LT8,Thứ hai,3 ÷ 4,6,9,07,MD
B1LT8,Thứ hai,3 ÷ 4,7,9,14,MD
B1LT8,Thứ hai,3 ÷ 4,8,9,21,MD
B1LT8,Thứ hai,3 ÷ 4,9,9,28,MD
B1LT8,Thứ hai,3 ÷ 4,10,10,05,MD
B1LT8,Thứ hai,3 ÷ 4,14,11,02,HT
B1LT8,Thứ hai,3 ÷ 4,15,11,09,HT
B1LT8,Thứ hai,3 ÷ 4,16,11,16,HT
B1LT8,Thứ hai,3 ÷ 4,17,11,23,HT
B1LT8,Thứ hai,3 ÷ 4,18,11,30,HT
B1LT8,Thứ hai,3 ÷ 4,19,12,07,HT
B1LT8,Thứ hai,3 ÷ 4,20,12,14,HT
B1LT8,Thứ hai,3 ÷ 4,21,12,21,HT
B1LT8,Thứ hai,3 ÷ 4,22,12,28,HT
B1LT8,Thứ hai,3 ÷ 4,23,1,04,HT
B1LT8,Thứ ba,3 ÷ 4,1,8,04,TL
B1LT8,Thứ ba,3 ÷ 4,2,8,11,TL
B1LT8,Thứ ba,3 ÷ 4,3,8,18,TL
B1LT8,Thứ ba,3 ÷ 4,4,8,25,TL
B1LT8,Thứ ba,3 ÷ 4,6,9,08,TL
B1LT8,Thứ ba,3 ÷ 4,7,9,15,TL
B1LT8,Thứ ba,3 ÷ 4,8,9,22,TL
B1LT8,Thứ ba,3 ÷ 4,9,9,29,TT
B1LT8,Thứ ba,3 ÷ 4,10,10,06,TT
B1LT8,Thứ ba,3 ÷ 4,14,11,03,CM
B1LT8,Thứ ba,3 ÷ 4,15,11,10,CM
B1LT8,Thứ ba,3 ÷ 4,16,11,17,CM
B1LT8,Thứ ba,3 ÷ 4,18,11,01,NT
B1LT8,Thứ ba,3 ÷ 4,19,12,08,NT
B1LT8,Thứ ba,3 ÷ 4,20,12,15,NT
B1LT8,Thứ ba,3 ÷ 4,21,12,22,NT
B1LT8,Thứ ba,3 ÷ 4,22,12,29,ĐT
B1LT8,Thứ ba,3 ÷ 4,23,1,05,ĐT
B1LT8,Thứ tư,3 ÷ 4,14,11,04,NT
B1LT8,Thứ tư,3 ÷ 4,15,11,11,NT
B1LT8,Thứ tư,3 ÷ 4,16,11,18,NT
B1LT8,Thứ tư,3 ÷ 4,17,11,25,NT
B1LT8,Thứ tư,3 ÷ 4,18,11,02,NT
B1LT8,Thứ tư,3 ÷ 4,19,12,09,NT
B1LT8,Thứ tư,3 ÷ 4,20,12,16,NT
B1LT8,Thứ tư,3 ÷ 4,21,12,23,NT
B1LT8,Thứ tư,3 ÷ 4,22,12,30,NT
B1LT8,Thứ tư,3 ÷ 4,23,1,06,NT
B1LT8,Thứ tư,7 ÷ 8,1,8,05,XN
B1LT8,Thứ tư,7 ÷ 8,2,8,12,XN
B1LT8,Thứ tư,7 ÷ 8,3,8,19,XN
B1LT8,Thứ tư,7 ÷ 8,4,8,26,XN
B1LT8,Thứ tư,7 ÷ 8,6,9,09,XN
B1LT8,Thứ tư,7 ÷ 8,7,9,16,XN
B1LT8,Thứ tư,7 ÷ 8,8,9,23,XN
B1LT8,Thứ tư,7 ÷ 8,9,9,30,XN
B1LT8,Thứ tư,7 ÷ 8,10,10,07,XN
B1LT8,Thứ năm,3 ÷ 4,1,8,06,TT
B1LT8,Thứ năm,3 ÷ 4,2,8,13,TT
B1LT8,Thứ năm,3 ÷ 4,3,8,20,TT
B1LT8,Thứ năm,3 ÷ 4,4,8,27,TT
B1LT8,Thứ năm,3 ÷ 4,5,8,03,TT
B1LT8,Thứ năm,3 ÷ 4,6,9,10,TT
B1LT8,Thứ năm,3 ÷ 4,7,9,17,TT
B1LT8,Thứ năm,3 ÷ 4,8,9,24,TT
B1LT8,Thứ năm,3 ÷ 4,9,9,01,TT
B1LT8,Thứ năm,3 ÷ 4,10,10,08,TT
B1LT8,Thứ năm,3 ÷ 4,14,11,05,HT
B1LT8,Thứ năm,3 ÷ 4,15,11,12,HT
B1LT8,Thứ năm,3 ÷ 4,16,11,19,HT
B1LT8,Thứ năm,3 ÷ 4,17,11,26,HT
B1LT8,Thứ năm,3 ÷ 4,18,11,03,HT
B1LT8,Thứ năm,3 ÷ 4,19,12,10,HT
B1LT8,Thứ năm,3 ÷ 4,20,12,17,HT
B1LT8,Thứ năm,3 ÷ 4,21,12,24,HT
B1LT8,Thứ năm,3 ÷ 4,22,12,31,ĐT
B1LT8,Thứ năm,3 ÷ 4,23,1,07,ĐT
B1LT8,Thứ sáu,3 ÷ 4,1,8,07,MD
B1LT8,Thứ sáu,3 ÷ 4,2,8,14,MD
B1LT8,Thứ sáu,3 ÷ 4,3,8,21,MD
B1LT8,Thứ sáu,3 ÷ 4,4,8,28,MD
B1LT8,Thứ sáu,3 ÷ 4,5,8,04,MD
B1LT8,Thứ sáu,3 ÷ 4,6,9,11,MD
B1LT8,Thứ sáu,3 ÷ 4,7,9,18,MD
B1LT8,Thứ sáu,3 ÷ 4,8,9,25,MD
B1LT8,Thứ sáu,3 ÷ 4,9,9,02,MD
B1LT8,Thứ sáu,3 ÷ 4,14,11,06,CM
B1LT8,Thứ sáu,3 ÷ 4,15,11,13,CM
B1LT8,Thứ sáu,3 ÷ 4,16,11,20,CM
B1LT8,Thứ sáu,3 ÷ 4,17,11,27,CM
B1LT8,Thứ sáu,3 ÷ 4,18,11,04,CM
B1LT8,Thứ sáu,3 ÷ 4,19,12,11,CM
B1LT8,Thứ sáu,3 ÷ 4,20,12,18,CM
B1LT8,Thứ sáu,3 ÷ 4,21,12,25,CM
B1LT8,Thứ sáu,3 ÷ 4,23,1,08,CM
B2LT8,Thứ hai,3 ÷ 4,1,8,03,AN
B2LT8,Thứ hai,3 ÷ 4,2,8,10,AN
B2LT8,Thứ hai,3 ÷ 4,3,8,17,AN
B2LT8,Thứ hai,3 ÷ 4,4,8,24,AN
B2LT8,Thứ hai,3 ÷ 4,5,8,31,AN
B2LT8,Thứ hai,3 ÷ 4,6,9,07,AN
B2LT8,Thứ hai,3 ÷ 4,7,9,14,AN
B2LT8,Thứ hai,3 ÷ 4,8,9,21,AN
B2LT8,Thứ hai,3 ÷ 4,14,11,02,VĐ
B2LT8,Thứ hai,3 ÷ 4,15,11,09,VĐ
B2LT8,Thứ hai,3 ÷ 4,16,11,16,VĐ
B2LT8,Thứ hai,3 ÷ 4,17,11,23,VĐ
B2LT8,Thứ hai,3 ÷ 4,18,11,30,VĐ
B2LT8,Thứ hai,3 ÷ 4,19,12,07,VĐ
B2LT8,Thứ hai,3 ÷ 4,20,12,14,VĐ
B2LT8,Thứ hai,3 ÷ 4,21,12,21,VĐ
B2LT8,Thứ hai,3 ÷ 4,22,12,28,VĐ
B2LT8,Thứ hai,3 ÷ 4,23,1,04,VĐ
B2LT8,Thứ ba,3 ÷ 4,1,8,04,MT
B2LT8,Thứ ba,3 ÷ 4,2,8,11,MT
B2LT8,Thứ ba,3 ÷ 4,3,8,18,MT
B2LT8,Thứ ba,3 ÷ 4,4,8,25,MT
B2LT8,Thứ ba,3 ÷ 4,6,9,08,MT
B2LT8,Thứ ba,3 ÷ 4,7,9,15,MT
B2LT8,Thứ ba,3 ÷ 4,8,9,22,MT
B2LT8,Thứ ba,3 ÷ 4,9,9,29,GS
B2LT8,Thứ ba,3 ÷ 4,10,10,06,GS
B2LT8,Thứ ba,3 ÷ 4,14,11,03,XH
B2LT8,Thứ ba,3 ÷ 4,15,11,10,XH
B2LT8,Thứ ba,3 ÷ 4,16,11,17,XH
B2LT8,Thứ ba,3 ÷ 4,18,11,01,XH
B2LT8,Thứ ba,3 ÷ 4,19,12,08,XH
B2LT8,Thứ ba,3 ÷ 4,20,12,15,PT
B2LT8,Thứ ba,3 ÷ 4,21,12,22,PT
B2LT8,Thứ ba,3 ÷ 4,22,12,29,PT
B2LT8,Thứ ba,3 ÷ 4,23,1,05,PT
B2LT8,Thứ tư,3 ÷ 4,1,8,05,TL
B2LT8,Thứ tư,3 ÷ 4,2,8,12,TL
B2LT8,Thứ tư,3 ÷ 4,3,8,19,TL
B2LT8,Thứ tư,3 ÷ 4,4,8,26,TL
B2LT8,Thứ tư,3 ÷ 4,6,9,09,TL
B2LT8,Thứ tư,3 ÷ 4,7,9,16,TL
B2LT8,Thứ tư,3 ÷ 4,8,9,23,TL
B2LT8,Thứ tư,3 ÷ 4,9,9,30,TL
B2LT8,Thứ tư,3 ÷ 4,10,10,07,TL
B2LT8,Thứ tư,3 ÷ 4,14,11,04,NN
B2LT8,Thứ tư,3 ÷ 4,15,11,11,NN
B2LT8,Thứ tư,3 ÷ 4,16,11,18,NN
B2LT8,Thứ tư,3 ÷ 4,17,11,25,NN
B2LT8,Thứ tư,3 ÷ 4,18,11,02,VĐ
B2LT8,Thứ tư,3 ÷ 4,19,12,09,VĐ
B2LT8,Thứ tư,3 ÷ 4,20,12,16,VĐ
B2LT8,Thứ tư,3 ÷ 4,21,12,23,VĐ
B2LT8,Thứ tư,3 ÷ 4,22,12,30,VĐ
B2LT8,Thứ tư,3 ÷ 4,23,1,06,VĐ
B2LT8,Thứ năm,3 ÷ 4,1,8,06,GS
B2LT8,Thứ năm,3 ÷ 4,2,8,13,GS
B2LT8,Thứ năm,3 ÷ 4,3,8,20,GS
B2LT8,Thứ năm,3 ÷ 4,4,8,27,GS
B2LT8,Thứ năm,3 ÷ 4,5,8,03,GS
B2LT8,Thứ năm,3 ÷ 4,6,9,10,GS
B2LT8,Thứ năm,3 ÷ 4,7,9,17,GS
B2LT8,Thứ năm,3 ÷ 4,8,9,24,GS
B2LT8,Thứ năm,3 ÷ 4,9,9,01,GS
B2LT8,Thứ năm,3 ÷ 4,10,10,08,GS
B2LT8,Thứ năm,3 ÷ 4,14,11,05,XH
B2LT8,Thứ năm,3 ÷ 4,15,11,12,XH
B2LT8,Thứ năm,3 ÷ 4,16,11,19,XH
B2LT8,Thứ năm,3 ÷ 4,17,11,26,XH
B2LT8,Thứ năm,3 ÷ 4,18,11,03,XH
B2LT8,Thứ năm,3 ÷ 4,19,12,10,XH
B2LT8,Thứ năm,3 ÷ 4,20,12,17,XH
B2LT8,Thứ năm,3 ÷ 4,21,12,24,XH
B2LT8,Thứ năm,3 ÷ 4,22,12,31,XH
B2LT8,Thứ năm,3 ÷ 4,23,1,07,XH
B2LT8,Thứ sáu,3 ÷ 4,1,8,07,MT
B2LT8,Thứ sáu,3 ÷ 4,2,8,14,MT
B2LT8,Thứ sáu,3 ÷ 4,3,8,21,MT
B2LT8,Thứ sáu,3 ÷ 4,4,8,28,MT
B2LT8,Thứ sáu,3 ÷ 4,5,8,04,MT
B2LT8,Thứ sáu,3 ÷ 4,6,9,11,MT
B2LT8,Thứ sáu,3 ÷ 4,7,9,18,MT
B2LT8,Thứ sáu,3 ÷ 4,8,9,25,MT
B2LT8,Thứ sáu,3 ÷ 4,10,10,09,TL
B2LT8,Thứ sáu,3 ÷ 4,14,11,06,NN
B2LT8,Thứ sáu,3 ÷ 4,15,11,13,NN
B2LT8,Thứ sáu,3 ÷ 4,16,11,20,NN
B2LT8,Thứ sáu,3 ÷ 4,17,11,27,NN
B2LT8,Thứ sáu,3 ÷ 4,18,11,04,NN
B2LT8,Thứ sáu,3 ÷ 4,19,12,11,NN
B2LT8,Thứ sáu,3 ÷ 4,20,12,18,NN
B2LT8,Thứ sáu,3 ÷ 4,21,12,25,NN
B2LT8,Thứ sáu,3 ÷ 4,23,1,08,NN
B1LT9,Thứ hai,3 ÷ 4,1,8,03,MM
B1LT9,Thứ hai,3 ÷ 4,2,8,10,MM
B1LT9,Thứ hai,3 ÷ 4,3,8,17,MM
B1LT9,Thứ hai,3 ÷ 4,4,8,24,MM
B1LT9,Thứ hai,3 ÷ 4,5,8,31,MM
B1LT9,Thứ hai,3 ÷ 4,6,9,07,MM
B1LT9,Thứ hai,3 ÷ 4,7,9,14,MM
B1LT9,Thứ hai,3 ÷ 4,8,9,21,MM
B1LT9,Thứ hai,3 ÷ 4,9,9,28,MM
B1LT9,Thứ hai,3 ÷ 4,14,11,02,HD
B1LT9,Thứ hai,3 ÷ 4,15,11,09,HD
B1LT9,Thứ hai,3 ÷ 4,16,11,16,HD
B1LT9,Thứ hai,3 ÷ 4,17,11,23,HD
B1LT9,Thứ hai,3 ÷ 4,18,11,30,HD
B1LT9,Thứ hai,3 ÷ 4,19,12,07,HD
B1LT9,Thứ hai,3 ÷ 4,20,12,14,HD
B1LT9,Thứ hai,3 ÷ 4,21,12,21,HD
B1LT9,Thứ hai,3 ÷ 4,22,12,28,HD
B1LT9,Thứ hai,3 ÷ 4,23,1,04,HD
B1LT9,Thứ hai,7 ÷ 8,9,9,28,MT
B1LT9,Thứ hai,7 ÷ 8,10,10,05,MT
B1LT9,Thứ ba,3 ÷ 4,1,8,04,CB
B1LT9,Thứ ba,3 ÷ 4,2,8,11,CB
B1LT9,Thứ ba,3 ÷ 4,3,8,18,CB
B1LT9,Thứ ba,3 ÷ 4,4,8,25,CB
B1LT9,Thứ ba,3 ÷ 4,6,9,08,CB
B1LT9,Thứ ba,3 ÷ 4,7,9,15,CB
B1LT9,Thứ ba,3 ÷ 4,8,9,22,CB
B1LT9,Thứ ba,3 ÷ 4,9,9,29,CB
B1LT9,Thứ ba,3 ÷ 4,10,10,06,CB
B1LT9,Thứ ba,3 ÷ 4,14,11,03,TL
B1LT9,Thứ ba,3 ÷ 4,15,11,10,TL
B1LT9,Thứ ba,3 ÷ 4,16,11,17,TL
B1LT9,Thứ ba,3 ÷ 4,18,11,01,TL
B1LT9,Thứ ba,3 ÷ 4,19,12,08,TL
B1LT9,Thứ ba,3 ÷ 4,20,12,15,TL
B1LT9,Thứ ba,3 ÷ 4,21,12,22,TL
B1LT9,Thứ ba,3 ÷ 4,22,12,29,TL
B1LT9,Thứ ba,3 ÷ 4,23,1,05,TL
B1LT9,Thứ tư,3 ÷ 4,1,8,05,KT
B1LT9,Thứ tư,3 ÷ 4,2,8,12,KT
B1LT9,Thứ tư,3 ÷ 4,3,8,19,KT
B1LT9,Thứ tư,3 ÷ 4,4,8,26,KT
B1LT9,Thứ tư,3 ÷ 4,6,9,09,KT
B1LT9,Thứ tư,3 ÷ 4,7,9,16,KT
B1LT9,Thứ tư,3 ÷ 4,8,9,23,KT
B1LT9,Thứ tư,3 ÷ 4,9,9,30,KT
B1LT9,Thứ tư,3 ÷ 4,10,10,07,KT
B1LT9,Thứ tư,3 ÷ 4,14,11,04,ĐT
B1LT9,Thứ tư,3 ÷ 4,15,11,11,ĐT
B1LT9,Thứ tư,3 ÷ 4,16,11,18,ĐT
B1LT9,Thứ tư,3 ÷ 4,17,11,25,ĐT
B1LT9,Thứ tư,3 ÷ 4,18,11,02,ĐT
B1LT9,Thứ tư,3 ÷ 4,19,12,09,ĐT
B1LT9,Thứ tư,3 ÷ 4,20,12,16,ĐT
B1LT9,Thứ tư,3 ÷ 4,21,12,23,ĐT
B1LT9,Thứ tư,3 ÷ 4,22,12,30,ĐT
B1LT9,Thứ tư,3 ÷ 4,23,1,06,ĐT
B1LT9,Thứ năm,3 ÷ 4,1,8,06,GT
B1LT9,Thứ năm,3 ÷ 4,2,8,13,GT
B1LT9,Thứ năm,3 ÷ 4,3,8,20,GT
B1LT9,Thứ năm,3 ÷ 4,4,8,27,GT
B1LT9,Thứ năm,3 ÷ 4,5,8,03,GT
B1LT9,Thứ năm,3 ÷ 4,6,9,10,GT
B1LT9,Thứ năm,3 ÷ 4,7,9,17,GT
B1LT9,Thứ năm,3 ÷ 4,8,9,24,GT
B1LT9,Thứ năm,3 ÷ 4,9,9,01,GT
B1LT9,Thứ năm,3 ÷ 4,10,10,08,GT
B1LT9,Thứ năm,3 ÷ 4,14,11,05,XS
B1LT9,Thứ năm,3 ÷ 4,15,11,12,XS
B1LT9,Thứ năm,3 ÷ 4,16,11,19,XS
B1LT9,Thứ năm,3 ÷ 4,17,11,26,XS
B1LT9,Thứ năm,3 ÷ 4,18,11,03,XS
B1LT9,Thứ năm,3 ÷ 4,19,12,10,XS
B1LT9,Thứ năm,3 ÷ 4,20,12,17,XS
B1LT9,Thứ năm,3 ÷ 4,21,12,24,XS
B1LT9,Thứ năm,3 ÷ 4,22,12,31,XS
B1LT9,Thứ năm,3 ÷ 4,23,1,07,XS
B1LT9,Thứ năm,7 ÷ 8,10,10,08,ĐS
B1LT9,Thứ sáu,3 ÷ 4,10,10,09,KT
B1LT9,Thứ sáu,3 ÷ 4,14,11,06,TT
B1LT9,Thứ sáu,3 ÷ 4,15,11,13,TT
B1LT9,Thứ sáu,3 ÷ 4,16,11,20,TT
B1LT9,Thứ sáu,3 ÷ 4,17,11,27,TT
B1LT9,Thứ sáu,3 ÷ 4,18,11,04,TT
B1LT9,Thứ sáu,3 ÷ 4,19,12,11,TT
B1LT9,Thứ sáu,3 ÷ 4,20,12,18,TT
B1LT9,Thứ sáu,3 ÷ 4,21,12,25,TT
B1LT9,Thứ sáu,3 ÷ 4,23,1,08,TT
B2LT9,Thứ hai,3 ÷ 4,1,8,03,LT
B2LT9,Thứ hai,3 ÷ 4,2,8,10,LT
B2LT9,Thứ hai,3 ÷ 4,3,8,17,LT
B2LT9,Thứ hai,3 ÷ 4,4,8,24,LT
B2LT9,Thứ hai,3 ÷ 4,5,8,31,LT
B2LT9,Thứ hai,3 ÷ 4,6,9,07,LT
B2LT9,Thứ hai,3 ÷ 4,7,9,14,LT
B2LT9,Thứ hai,3 ÷ 4,8,9,21,LT
B2LT9,Thứ hai,3 ÷ 4,9,9,28,LT
B2LT9,Thứ hai,3 ÷ 4,10,10,05,LT
B2LT9,Thứ hai,3 ÷ 4,14,11,02,NV
B2LT9,Thứ hai,3 ÷ 4,15,11,09,NV
B2LT9,Thứ hai,3 ÷ 4,16,11,16,NV
B2LT9,Thứ hai,3 ÷ 4,17,11,23,NV
B2LT9,Thứ hai,3 ÷ 4,18,11,30,NV
B2LT9,Thứ hai,3 ÷ 4,19,12,07,NV
B2LT9,Thứ hai,3 ÷ 4,20,12,14,NV
B2LT9,Thứ hai,3 ÷ 4,21,12,21,NV
B2LT9,Thứ hai,3 ÷ 4,22,12,28,NV
B2LT9,Thứ hai,3 ÷ 4,23,1,04,NV
B2LT9,Thứ hai,7 ÷ 8,19,12,07,VC
B2LT9,Thứ hai,7 ÷ 8,20,12,14,VC
B2LT9,Thứ hai,7 ÷ 8,21,12,21,VC
B2LT9,Thứ hai,7 ÷ 8,22,12,28,VC
B2LT9,Thứ hai,7 ÷ 8,23,1,04,VC
B2LT9,Thứ ba,3 ÷ 4,1,8,04,CC
B2LT9,Thứ ba,3 ÷ 4,2,8,11,CC
B2LT9,Thứ ba,3 ÷ 4,3,8,18,CC
B2LT9,Thứ ba,3 ÷ 4,4,8,25,CC
B2LT9,Thứ ba,3 ÷ 4,6,9,08,CC
B2LT9,Thứ ba,3 ÷ 4,7,9,15,CC
B2LT9,Thứ ba,3 ÷ 4,8,9,22,CC
B2LT9,Thứ ba,3 ÷ 4,9,9,29,CC
B2LT9,Thứ ba,3 ÷ 4,10,10,06,KT
B2LT9,Thứ ba,3 ÷ 4,14,11,03,MM
B2LT9,Thứ ba,3 ÷ 4,15,11,10,MM
B2LT9,Thứ ba,3 ÷ 4,16,11,17,MM
B2LT9,Thứ ba,3 ÷ 4,18,11,01,MM
B2LT9,Thứ ba,3 ÷ 4,19,12,08,MM
B2LT9,Thứ ba,3 ÷ 4,20,12,15,MM
B2LT9,Thứ ba,3 ÷ 4,21,12,22,MM
B2LT9,Thứ ba,3 ÷ 4,22,12,29,MM
B2LT9,Thứ ba,3 ÷ 4,23,1,05,MM
B2LT9,Thứ ba,7 ÷ 8,9,9,29,VT
B2LT9,Thứ ba,7 ÷ 8,10,10,06,VT
B2LT9,Thứ tư,3 ÷ 4,1,8,05,LT
B2LT9,Thứ tư,3 ÷ 4,2,8,12,LT
B2LT9,Thứ tư,3 ÷ 4,3,8,19,LT
B2LT9,Thứ tư,3 ÷ 4,4,8,26,LT
B2LT9,Thứ tư,3 ÷ 4,6,9,09,LT
B2LT9,Thứ tư,3 ÷ 4,7,9,16,LT
B2LT9,Thứ tư,3 ÷ 4,8,9,23,LT
B2LT9,Thứ tư,3 ÷ 4,9,9,30,LT
B2LT9,Thứ tư,3 ÷ 4,10,10,07,LT
B2LT9,Thứ tư,3 ÷ 4,14,11,04,VX
B2LT9,Thứ tư,3 ÷ 4,15,11,11,VX
B2LT9,Thứ tư,3 ÷ 4,16,11,18,VX
B2LT9,Thứ tư,3 ÷ 4,17,11,25,VX
B2LT9,Thứ tư,3 ÷ 4,18,11,02,VX
B2LT9,Thứ tư,3 ÷ 4,19,12,09,VX
B2LT9,Thứ tư,3 ÷ 4,20,12,16,VX
B2LT9,Thứ tư,3 ÷ 4,21,12,23,VX
B2LT9,Thứ tư,3 ÷ 4,22,12,30,VX
B2LT9,Thứ tư,3 ÷ 4,23,1,06,VX
B2LT9,Thứ tư,7 ÷ 8,9,9,30,TS
B2LT9,Thứ tư,7 ÷ 8,10,10,07,TS
B2LT9,Thứ năm,3 ÷ 4,1,8,06,KT
B2LT9,Thứ năm,3 ÷ 4,2,8,13,KT
B2LT9,Thứ năm,3 ÷ 4,3,8,20,KT
B2LT9,Thứ năm,3 ÷ 4,4,8,27,KT
B2LT9,Thứ năm,3 ÷ 4,5,8,03,KT
B2LT9,Thứ năm,3 ÷ 4,6,9,10,KT
B2LT9,Thứ năm,3 ÷ 4,7,9,17,KT
B2LT9,Thứ năm,3 ÷ 4,8,9,24,KT
B2LT9,Thứ năm,3 ÷ 4,9,9,01,KT
B2LT9,Thứ năm,3 ÷ 4,10,10,08,KT
B2LT9,Thứ năm,3 ÷ 4,14,11,05,PH
B2LT9,Thứ năm,3 ÷ 4,15,11,12,PH
B2LT9,Thứ năm,3 ÷ 4,16,11,19,PH
B2LT9,Thứ năm,3 ÷ 4,17,11,26,PH
B2LT9,Thứ năm,3 ÷ 4,18,11,03,PH
B2LT9,Thứ năm,3 ÷ 4,19,12,10,PH
B2LT9,Thứ năm,3 ÷ 4,20,12,17,PH
B2LT9,Thứ năm,3 ÷ 4,21,12,24,PH
B2LT9,Thứ năm,3 ÷ 4,22,12,31,PH
B2LT9,Thứ năm,3 ÷ 4,23,1,07,PH
B2LT9,Thứ sáu,3 ÷ 4,1,8,07,VT
B2LT9,Thứ sáu,3 ÷ 4,2,8,14,VT
B2LT9,Thứ sáu,3 ÷ 4,3,8,21,VT
B2LT9,Thứ sáu,3 ÷ 4,4,8,28,VT
B2LT9,Thứ sáu,3 ÷ 4,5,8,04,VT
B2LT9,Thứ sáu,3 ÷ 4,6,9,11,VT
B2LT9,Thứ sáu,3 ÷ 4,7,9,18,VT
B2LT9,Thứ sáu,3 ÷ 4,8,9,25,CC
B2LT9,Thứ sáu,3 ÷ 4,9,9,02,CC
B2LT9,Thứ sáu,3 ÷ 4,10,10,09,CC
B2LT9,Thứ sáu,3 ÷ 4,14,11,06,VC
B2LT9,Thứ sáu,3 ÷ 4,15,11,13,VC
B2LT9,Thứ sáu,3 ÷ 4,16,11,20,VC
B2LT9,Thứ sáu,3 ÷ 4,17,11,27,VC
B2LT9,Thứ sáu,3 ÷ 4,18,11,04,VC
B2LT9,Thứ sáu,3 ÷ 4,19,12,11,VC
B2LT9,Thứ sáu,3 ÷ 4,21,12,25,VX
B2LT9,Thứ sáu,7 ÷ 8,9,9,02,VT
B2LT9,Thứ sáu,7 ÷ 8,10,10,09,VT
VLVH1,Thứ hai,3 ÷ 4,1,8,03,QP
VLVH1,Thứ hai,3 ÷ 4,2,8,10,QP
VLVH1,Thứ hai,3 ÷ 4,3,8,17,QP
VLVH1,Thứ hai,3 ÷ 4,4,8,24,QP
VLVH1,Thứ hai,3 ÷ 4,5,8,31,QP
VLVH1,Thứ hai,3 ÷ 4,6,9,07,QP
VLVH1,Thứ hai,3 ÷ 4,7,9,14,QP
VLVH1,Thứ hai,3 ÷ 4,8,9,21,QP
VLVH1,Thứ hai,3 ÷ 4,9,9,28,QP
VLVH1,Thứ hai,3 ÷ 4,10,10,05,QP
VLVH1,Thứ hai,3 ÷ 4,11,10,12,QP
VLVH1,Thứ hai,3 ÷ 4,12,10,19,QP
VLVH1,Thứ hai,3 ÷ 4,13,10,26,QP
VLVH1,Thứ hai,8,11,10,12,XS
VLVH1,Thứ hai,8,12,10,19,XS
VLVH1,Thứ hai,8,13,10,26,XS
VLVH1,Thứ ba,7 ÷ 8,1,8,04,AB
VLVH1,Thứ ba,7 ÷ 8,2,8,11,AB
VLVH1,Thứ ba,7 ÷ 8,3,8,18,AB
VLVH1,Thứ ba,7 ÷ 8,4,8,25,AB
VLVH1,Thứ ba,7 ÷ 8,6,9,08,AB
VLVH1,Thứ ba,7 ÷ 8,7,9,15,AB
VLVH1,Thứ ba,7 ÷ 8,8,9,22,AB
VLVH1,Thứ ba,7 ÷ 8,9,9,29,AB
VLVH1,Thứ ba,7 ÷ 8,10,10,06,AB
VLVH1,Thứ ba,7 ÷ 8,11,10,13,AB
VLVH1,Thứ ba,7 ÷ 8,12,10,20,AB
VLVH1,Thứ ba,7 ÷ 8,13,10,27,AB
VLVH1,Thứ tư,3 ÷ 4,1,8,05,MN
VLVH1,Thứ tư,3 ÷ 4,2,8,12,MN
VLVH1,Thứ tư,3 ÷ 4,3,8,19,MN
VLVH1,Thứ tư,3 ÷ 4,4,8,26,MN
VLVH1,Thứ tư,3 ÷ 4,6,9,09,MN
VLVH1,Thứ tư,3 ÷ 4,7,9,16,MN
VLVH1,Thứ tư,3 ÷ 4,8,9,23,MN
VLVH1,Thứ tư,3 ÷ 4,9,9,30,MN
VLVH1,Thứ tư,3 ÷ 4,10,10,07,MN
VLVH1,Thứ tư,3 ÷ 4,11,10,14,MN
VLVH1,Thứ tư,3 ÷ 4,12,10,21,MN
VLVH1,Thứ tư,7 ÷ 8,3,8,19,TT
VLVH1,Thứ tư,7 ÷ 8,4,8,26,TT
VLVH1,Thứ tư,7 ÷ 8,6,9,09,TT
VLVH1,Thứ tư,7 ÷ 8,7,9,16,TT
VLVH1,Thứ tư,7 ÷ 8,8,9,23,TT
VLVH1,Thứ tư,7 ÷ 8,9,9,30,TT
VLVH1,Thứ tư,7 ÷ 8,10,10,07,TT
VLVH1,Thứ tư,7 ÷ 8,11,10,14,TT
VLVH1,Thứ tư,7 ÷ 8,12,10,21,TT
VLVH1,Thứ tư,7 ÷ 8,13,10,28,TT
VLVH1,Thứ năm,7 ÷ 8,1,8,06,AB
VLVH1,Thứ năm,7 ÷ 8,2,8,13,AB
VLVH1,Thứ năm,7 ÷ 8,3,8,20,AB
VLVH1,Thứ năm,7 ÷ 8,4,8,27,AB
VLVH1,Thứ năm,7 ÷ 8,5,8,03,AB
VLVH1,Thứ năm,7 ÷ 8,6,9,10,AB
VLVH1,Thứ năm,7 ÷ 8,7,9,17,AB
VLVH1,Thứ năm,7 ÷ 8,8,9,24,AB
VLVH1,Thứ năm,7 ÷ 8,9,9,01,AB
VLVH1,Thứ năm,7 ÷ 8,10,10,08,AB
VLVH1,Thứ năm,7 ÷ 8,11,10,15,AB
VLVH1,Thứ năm,7 ÷ 8,12,10,22,AB
VLVH1,Thứ năm,7 ÷ 8,13,10,29,AB
VLVH1,Thứ sáu,3 ÷ 4,1,8,07,KH
VLVH1,Thứ sáu,3 ÷ 4,2,8,14,KH
VLVH1,Thứ sáu,3 ÷ 4,3,8,21,KH
VLVH1,Thứ sáu,3 ÷ 4,4,8,28,KH
VLVH1,Thứ sáu,3 ÷ 4,5,8,04,KH
VLVH1,Thứ sáu,3 ÷ 4,6,9,11,KH
VLVH1,Thứ sáu,3 ÷ 4,7,9,18,KH
VLVH1,Thứ sáu,3 ÷ 4,8,9,25,KH
VLVH1,Thứ sáu,3 ÷ 4,9,9,02,KH
VLVH1,Thứ sáu,3 ÷ 4,10,10,09,KH
VLVH1,Thứ sáu,3 ÷ 4,11,10,16,KH
VLVH1,Thứ sáu,3 ÷ 4,12,10,23,KH
